,0
0,HSCB
1,CFB
2,SAG
3,CASQ2
4,MOCS1
5,ORC4
6,SLC29A3
7,POLE
8,ARPC1B
9,MRPS22
10,ATXN1
11,GNAO1
12,WNT10A
13,ANKRD17
14,NLRP5
15,PDK3
16,ANOS1
17,ATP5F1E
18,C14orf39
19,SPRED1
20,FAN1
21,CRELD1
22,CRBN
23,ATG7
24,NDUFV2
25,GNAT2
26,FOXL1
27,CDKL5
28,VLDLR
29,MYC
30,CHST3
31,IFT81
32,IHPS3
33,FITM2
34,P3H2
35,ALDH18A1
36,DLST
37,SDHC
38,HDAC8
39,TBC1D4
40,MARK3
41,AKT1
42,F10
43,HSD3B7
44,KIF2A
45,GAB1
46,TRAPPC10
47,HPS3
48,LMNA
49,GRAP
50,HIKESHI
51,ST3GAL3
52,ENTPD1
53,DRG1
54,BCOR
55,GNAS
56,EXOSC8
57,GCK
58,DBR1
59,ANO5
60,PGAP1
61,OFD1
62,PRKG2
63,SLC10A2
64,HADH
65,SEPSECS
66,TFRC
67,VSX1
68,LIM2
69,VPS16
70,DFNB33
71,OLR1
72,EIF2B4
73,DYNC2I2
74,LIG3
75,SCN1A
76,DPP6
77,PPP1CB
78,VPS33A
79,MACF1
80,HCN4
81,GOT1
82,ATP6V0C
83,PDSS2
84,TGM5
85,CHN1
86,RP2
87,MPC1
88,EIF2AK1
89,RSPO1
90,CYP3A4
91,EFEMP2
92,RB1
93,CLDN10
94,PYCR1
95,TRAC
96,RAD51
97,ETFA
98,SUCLG1
99,CFAP410
100,ALG10B
101,EPX
102,THOC2
103,OAT
104,AFG2B
105,TMPRSS6
106,NHLRC1
107,NYX
108,MYL11
109,HGF
110,CFAP52
111,CYBC1
112,MAP1B
113,PHC1
114,ABCC9
115,TRRAP
116,LPIN2
117,CAMK2G
118,PTHLH
119,CD19
120,FGF17
121,KIF12
122,RLS3
123,GATA1
124,CTRCT35
125,HMBS
126,ZBTB7A
127,COL25A1
128,DNASE1
129,FGD1
130,DGKE
131,RNU12
132,ABCA4
133,BBS1
134,ADAT3
135,RP1
136,TIMM8A
137,NKAP
138,STEAP3
139,PEE3
140,ADAMTS19
141,BBS5
142,GALNT3
143,THAP11
144,HTR1A
145,PPFIBP1
146,RYR2
147,MRPL12
148,PIK3C2A
149,RIC1
150,CRYGC
151,PRF1
152,PAM16
153,ALPL
154,INSL3
155,PXDN
156,RMND1
157,RSPH3
158,CDKN2A
159,PRRT2
160,TNFRSF9
161,VEGFA
162,NCAPD2
163,LDLRAP1
164,LTA
165,COX7B
166,THSD1
167,ZBTB42
168,CTSB
169,GALT
170,ANO10
171,NUP160
172,TAF1
173,KRT85
174,PLIN1
175,VMA21
176,ECM1
177,SLC26A2
178,ISG15
179,TANC2
180,SMARCAD1
181,EDN1
182,HOXB1
183,HIVEP2
184,NBN
185,IL12RB1
186,CCNQ
187,TREM2
188,CACNA1C
189,NECTIN1
190,AK7
191,ATG16L1
192,PVNH3
193,ATP6V0A2
194,NPSR1
195,STX4
196,RTN4R
197,TTC12
198,SOX5
199,ADA
200,CELSR1
201,NPC1
202,XRCC1
203,PRKAR1A
204,MSX1
205,SRSF1
206,ACTN1
207,PPM1K
208,PSMB9
209,CBLB
210,DOCK2
211,HMGA1
212,JAM3
213,SMAD4
214,IL17RC
215,CYP4F22
216,CACNA1E
217,IRX5
218,COL4A2
219,C3orf52
220,ANTXR1
221,RACGAP1
222,POLG
223,ADAM9
224,LIPN
225,VARS1
226,BMS1
227,F9
228,WT1
229,CACNA1S
230,DPH5
231,H1-4
232,MCEE
233,IL1R1
234,SCARB2
235,CD244
236,BACH2
237,ADAMTSL4
238,MCCC2
239,PDE6B
240,NNO3
241,CDC40
242,CTNNB1
243,QARS1
244,CATSPER1
245,NRCAM
246,HSF4
247,PRKCH
248,CD40
249,DTYMK
250,DDR2
251,CD79A
252,IRF7
253,EMC10
254,UROC1
255,HEPHL1
256,SDHA
257,HADHB
258,PIGS
259,PI4K2A
260,SOS1
261,RUBCN
262,GPR101
263,NLRP1
264,COA3
265,G6PC3
266,OPHN1
267,LARP7
268,IBA57
269,SNUPN
270,NOP10
271,SOX4
272,LAMA5
273,DST
274,LMOD3
275,USP18
276,RP1L1
277,SPRY4
278,ACKR3
279,AP4M1
280,EMP2
281,PRPF3
282,TNFRSF11A
283,PRPF4
284,TUBB2B
285,MPZL2
286,BAP1
287,CYP2D6
288,FANCD2
289,PAX3
290,LARS2
291,MIEF2
292,TRAF7
293,TRIM32
294,TOE1
295,PRSS12
296,TSGA10
297,PAND3
298,CDK10
299,PRKACA
300,PKD1
301,FBXO11
302,CR1
303,GABBR2
304,NANS
305,ADGRL1
306,FRRS1L
307,TXN2
308,FAM20C
309,ALOX5
310,MYO5B
311,DFNA53
312,FTO
313,IRF5
314,PTS
315,POLR1C
316,RBBP8
317,KRT2
318,GHSR
319,ARPC4
320,DFNB13
321,DIAPH2
322,COL4A5
323,SAMD12
324,NDUFA4
325,GRHL3
326,RNF170
327,COX14
328,LAMTOR2
329,STX3
330,PHOX2B
331,KAT8
332,SPG21
333,LAMP2
334,TRMU
335,PNKD
336,MRPS16
337,GRIN2D
338,IDDM3
339,No_Gene_Found
340,TSPAN12
341,DYRK1A
342,BAAT
343,EIF5A
344,ABCB1
345,PLXNA1
346,POLR3GL
347,SASS6
348,PEX3
349,SUGCT
350,MANF
351,KCNN2
352,REEP6
353,KCNQ2
354,IL1RN
355,PIK3R2
356,PIGH
357,FLRT3
358,AMFR
359,EDA
360,GLRA2
361,NAA10
362,CFHR1
363,ADCY1
364,TMEM63A
365,ATP7B
366,FERMT1
367,AFF3
368,SLC39A8
369,SLC16A1
370,NALCN
371,KCNJ11
372,UBA5
373,GYG1
374,TLR1
375,PDE8B
376,TYMS
377,STT3A
378,C6
379,C8A
380,DAAM2
381,HCK
382,CDK6
383,NDUFA8
384,IGHG2
385,SPOP
386,MIR2861
387,FAM50A
388,CIROP
389,HMMR
390,TALDO1
391,TREH
392,RPL21
393,KDM4B
394,TBXT
395,EXOC7
396,TBL1XR1
397,GIMAP5
398,LBR
399,ADGRG1
400,TMEM218
401,POR
402,CCDC134
403,TMEM126B
404,FLI1
405,GATAD1
406,CYP17A1
407,COX6B1
408,VPS35L
409,CALM2
410,B4GALNT1
411,EHMT1
412,TYR
413,OBSL1
414,ODAD4
415,ATXN8OS
416,PIK3R5
417,KLHL10
418,AP4B1
419,TMX2
420,MCOLN1
421,TTPA
422,PHKG2
423,MYH7
424,RC3H1
425,TCF3
426,BOLA3
427,DDX6
428,MYLK2
429,SLC4A4
430,OPA1
431,LRMDA
432,GDF6
433,METTL13
434,RNASET2
435,TBR1
436,PLCB4
437,CC2D1A
438,SMARCE1
439,IGKC
440,NCF1
441,MLIP
442,CDH1
443,GSDME
444,PRKCG
445,NPHP4
446,HAGH
447,ADRB1
448,MIR140
449,KARS1
450,DNAJB4
451,SMARCD1
452,NDUFS8
453,ESR1
454,CASR
455,CDHR1
456,ITCH
457,SLC39A7
458,GPD2
459,IBD23
460,PAX6
461,DPH2
462,CHST11
463,ZNF711
464,RPS29
465,KDM6B
466,ENG
467,KCNJ6
468,COX5A
469,ABHD16A
470,STRTS
471,STX5
472,RBP4
473,ZNF341
474,DSE
475,FUT3
476,PAPSS2
477,HGD
478,TLL1
479,SERPINI1
480,TULP3
481,PTPRF
482,LOXL1
483,CT55
484,U2AF2
485,NAXD
486,WWC1
487,CNGA3
488,GPRASP2
489,RYR1
490,RPL15
491,MYP13
492,TNRC6B
493,PTPRQ
494,ACVR2B
495,AP4E1
496,REC114
497,DNAH7
498,HNRNPK
499,PSMG2
500,TMC8
501,GGCX
502,TMEM63C
503,IQSEC1
504,EGF
505,MYZAP
506,NHS
507,ABHD5
508,STQTL13
509,DYNC2I1
510,GALNT2
511,NHEJ1
512,GPX4
513,ZBTB11
514,SLC12A3
515,SLC12A6
516,NR3C2
517,ADAMTS2
518,SC5D
519,UQCRC1
520,SATB2
521,RUNX2
522,LRIF1
523,TMCO1
524,CHCHD2
525,EXT1
526,NDUFAF4
527,GRM6
528,ISCA2
529,POLR1D
530,STAT6
531,SI
532,BBIP1
533,WDR4
534,PRPH
535,FDXR
536,HSPB8
537,DFNA30
538,ABCA7
539,ADSS1
540,AGT
541,RAB27A
542,KLC2
543,PSENEN
544,IL21
545,SYT2
546,FBP1
547,ELOVL1
548,MFAP5
549,CSTB
550,SGSH
551,CLEC3B
552,ATOD3
553,CCIN
554,SLC35A1
555,H6PD
556,PRKACG
557,EXOSC5
558,SPART
559,MAPKAPK3
560,CFTR
561,EBF3
562,ZNF365
563,MOV10L1
564,CISD2
565,DNASE2
566,TCOF1
567,TMEM106B
568,USP48
569,PQBP1
570,GDI1
571,CHP1
572,CEP112
573,NPR2
574,RARS2
575,ATP11C
576,LAMA3
577,CCDC146
578,NDUFA2
579,FGQTL3
580,MPZ
581,MNX1
582,CEL
583,TMC1
584,RNF2
585,FECH
586,DOCK7
587,KHDC3L
588,MYH11
589,ATP6AP2
590,CCDC50
591,NR4A3
592,A4GALT
593,SPTA1
594,IL6ST
595,GPC6
596,MYORG
597,TCF4
598,PHOX2A
599,PPP2R2B
600,COG8
601,STIM1
602,LYN
603,SETD1B
604,CYP2B6
605,PDE6A
606,TRMT5
607,NEFL
608,CACNA1F
609,MEF2A
610,CCL11
611,CENPT
612,LTBP2
613,DFNB83
614,CARS1
615,GJA3
616,COL12A1
617,DNAH1
618,RBM20
619,TNNC1
620,ERMARD
621,LINGO1
622,SLC6A6
623,ADAMTS3
624,PCLO
625,GCNA
626,SPG37
627,TCTN1
628,ACD
629,FZD4
630,BICC1
631,RFXANK
632,LONP1
633,F13A1
634,TTN
635,COLGALT1
636,RFWD3
637,DNAJC3
638,PCCB
639,LRP4
640,HYDIN
641,LRP5
642,HCFC1
643,C1R
644,F2
645,SLC25A24
646,SOX17
647,GOLGA2
648,MPL
649,XPC
650,IDS
651,NAA60
652,TCTN3
653,IBD3
654,ABCC2
655,CYP11B2
656,DOLK
657,ARVD3
658,WNT4
659,WNK1
660,SCN4B
661,ELP4
662,PANX1
663,GHRL
664,NFKB2
665,NOVA2
666,CTH
667,AKR1C4
668,AGA
669,PRDM16
670,UQCRB
671,IL1RAPL1
672,BCHE
673,POLD3
674,TNFAIP3
675,PRODH
676,SEC31A
677,OTX2
678,CACNA1B
679,HID1
680,JAM2
681,CREB3L1
682,MSX2
683,COLEC10
684,TMEM132E
685,CTCF
686,HPSE2
687,WDR81
688,TRPV3
689,PRSS1
690,VPS35
691,KCNQ1OT1
692,DNM1
693,KCTD1
694,SLC9A1
695,PCGF2
696,MAML2
697,HLA-B
698,PCARE
699,ROGDI
700,GAD1
701,MAST1
702,ERCC6
703,CNTNAP2
704,ARL2BP
705,LMOD1
706,RELN
707,COX15
708,POLR3B
709,GABRD
710,GNS
711,NRXN1
712,ZFYVE19
713,LRIG2
714,EHHADH
715,EPAS1
716,MBTPS1
717,MYL2
718,G6PC1
719,UNG
720,SLC7A14
721,ACVR1B
722,RPGRIP1
723,NEB
724,IDH3A
725,BCORL1
726,RSPRY1
727,CAPRIN1
728,SEMA3A
729,CHRNB2
730,CASP12
731,SLC34A1
732,RPL27
733,SEC23B
734,SLC6A5
735,TBC1D2B
736,SLC12A5
737,GABBR1
738,COG2
739,TWNK
740,ARHGEF18
741,PEX12
742,LTBP3
743,REL
744,ASNS
745,MTAP
746,TSR2
747,ANGPT2
748,CHI3L1
749,AKT2
750,CNP
751,NQO1
752,CCNF
753,COG4
754,NUP188
755,NSRP1
756,NKX6-2
757,AAAS
758,ESPN
759,XBP1
760,CELF2
761,POPDC3
762,LSS
763,CYP2C8
764,WNT5A
765,ZNF469
766,ALS3
767,MME
768,TAF4B
769,THG1L
770,CHRNA3
771,PHLDB1
772,TUBG1
773,CLP1
774,ATP6V0A1
775,SPTLC1
776,RLIM
777,CCNO
778,ASIP
779,CLDN11
780,CNGB1
781,HEXB
782,PRR12
783,AIRE
784,LRP1
785,TRAIP
786,EEF1A2
787,KANSL1
788,ACHE
789,PBC3
790,TAL1
791,DAGLA
792,HDL3
793,RTN4IP1
794,COL5A2
795,HNRNPH1
796,KCNK18
797,PRUNE1
798,HS2ST1
799,CDH23
800,CAMK2B
801,PPP2R1A
802,IRS2
803,PKP1
804,HHT3
805,DDB2
806,KCNE1
807,VPS51
808,FLVCR2
809,KCNJ2
810,KRIT1
811,SFTPB
812,MIAT
813,PLS3
814,ABCD3
815,TMTC3
816,RNF113A
817,PSPH
818,GZF1
819,NANOS1
820,CTSF
821,SCAPER
822,MRPS2
823,SCD5
824,GPR156
825,BMP15
826,CPLX1
827,FICD
828,TNNC2
829,TYK2
830,MTFMT
831,USP7
832,PRIM1
833,SLC4A1
834,UBE3C
835,ARSG
836,PTGDR
837,SYNE4
838,PRDM6
839,BMPR1A
840,AMPD1
841,BLK
842,SEPTIN12
843,WASHC5
844,SCARB1
845,KBTBD13
846,CYP2R1
847,TRIM71
848,HLA-C
849,RIGI
850,CAMLG
851,RPSA
852,VRK1
853,ATM
854,ANK2
855,CFAP70
856,CC2D2A
857,LPAR6
858,EARS2
859,ATP8B1
860,VEZF1
861,CNPY3
862,MANBA
863,RASGRP2
864,GCCD3
865,RBSN
866,SUMO1
867,NMNAT1
868,GPIHBP1
869,C3
870,XRCC4
871,F11
872,SLC5A5
873,SNTA1
874,GPR179
875,PEPD
876,HADHA
877,DLX4
878,PLD1
879,CHIC2
880,DNAJB6
881,GEMIN5
882,FGF5
883,PJVK
884,FIBP
885,NR0B2
886,IDH2
887,PROK2
888,PLA2G7
889,HTT
890,CLXN
891,SLITRK1
892,MAGT1
893,SCP2
894,SETBP1
895,ZNF644
896,DUT
897,AKAP3
898,SLC25A10
899,MYO7A
900,MSH2
901,GABRB3
902,MCM10
903,MTMR14
904,UQCC3
905,CAPNS1
906,PDLIM4
907,TASP1
908,SCN10A
909,DPF2
910,ZP1
911,CALR
912,NKX2-5
913,TAL2
914,PRKCSH
915,PEX14
916,ZAP70
917,UMPS
918,WNK4
919,ADA2
920,LMBRD2
921,FDX2
922,INTLQ3
923,CATIP
924,IRS4
925,NDUFA13
926,HMGB3
927,TSHR
928,VCL
929,LAMB1
930,SMAD6
931,KCNJ16
932,POC1A
933,SDHAF1
934,SNX10
935,KRT18
936,CLEC7A
937,ALG2
938,TRAPPC2L
939,SIK1
940,CYP27B1
941,GPI
942,KDF1
943,FLNB
944,MAP3K8
945,MTMR2
946,CHEK2
947,ERCC5
948,NIPA1
949,TMEM67
950,STX1B
951,RAC1
952,UBE3A
953,PLCD1
954,FGF10
955,FOXI1
956,TRAPPC6B
957,BRDT
958,GRIN2B
959,PITRM1
960,P2RY12
961,OCA2
962,DNASE1L3
963,TPMT
964,CABP4
965,TXNDC15
966,PUM1
967,TBX15
968,WNK3
969,SDR9C7
970,CDKN1B
971,SLC6A19
972,TECRL
973,KTCN3
974,CEP152
975,CFHR3
976,MYP3
977,HACE1
978,MYPN
979,HLA-A
980,ABAT
981,FKBP10
982,MBTPS2
983,SUOX
984,PRCC
985,MYRF
986,EFL1
987,SRY
988,GYPA
989,COQ6
990,BMND3
991,PIK3R1
992,IGFALS
993,NEDD4L
994,TP53
995,SLC19A2
996,FKBP14
997,TUB
998,KITLG
999,GNRH1
1000,HTRA1
1001,SCARF2
1002,TIE1
1003,DNAAF11
1004,CYLC1
1005,SNAP25
1006,RALA
1007,NSUN2
1008,IL13
1009,WARS1
1010,TEX11
1011,MPIG6B
1012,SGCG
1013,EMD
1014,TRIM8
1015,COQ4
1016,RRM1
1017,IFITM5
1018,TRPV4
1019,PRKG1
1020,TNFRSF4
1021,AHI1
1022,ATR
1023,ZIC3
1024,SLC37A4
1025,RHOA
1026,HOMER2
1027,SOX3
1028,DISC1
1029,TP53RK
1030,MID2
1031,ITPA
1032,ATPAF2
1033,MGP
1034,DLG3
1035,PLN
1036,CFAP74
1037,NDUFB7
1038,SLC6A17
1039,TRIP12
1040,TUFM
1041,ESAM
1042,CACNB2
1043,PMPCB
1044,ARFGEF2
1045,DDRGK1
1046,NPRL3
1047,VAC14
1048,TSPEAR
1049,PTPRC
1050,SCGB3A2
1051,FOXF1
1052,UPB1
1053,ARMC2
1054,DRD4
1055,FBP2
1056,GLCCI1
1057,MCM3AP
1058,SLC18A2
1059,SH3PXD2B
1060,SLC5A7
1061,NUDT15
1062,REEP1
1063,PPIP5K2
1064,COQ2
1065,MST1R
1066,RORA
1067,GEMIN4
1068,TGM3
1069,COX4I2
1070,DEF6
1071,RB1CC1
1072,USP27X
1073,MMP21
1074,CRB2
1075,NECAP1
1076,SPTB
1077,ATP2B1
1078,ABCA1
1079,CCR5
1080,NOL3
1081,ABCA2
1082,TARS2
1083,IGF2
1084,GNPAT
1085,CFL2
1086,SDHB
1087,DMPK
1088,FBLN1
1089,CRYGD
1090,S1PR2
1091,C2CD6
1092,DVL1
1093,CD81
1094,TUBGCP4
1095,CHRNB1
1096,TMEM98
1097,NR0B1
1098,TOR1AIP1
1099,TTC21A
1100,ATCAY
1101,POU3F4
1102,RBM10
1103,ARID1A
1104,ADAM22
1105,ROBO4
1106,MINPP1
1107,KIAA0825
1108,CENPF
1109,YWHAG
1110,THRB
1111,B3GALNT1
1112,DHX16
1113,PISD
1114,PLXND1
1115,MMP14
1116,DDB1
1117,CEP120
1118,FANCL
1119,HPS6
1120,KCNC3
1121,HPS5
1122,FGB
1123,RDH11
1124,RAG1
1125,ARPC5
1126,FLII
1127,NDUFA11
1128,PER2
1129,KIF1A
1130,ABCA12
1131,AGA3
1132,AXIN1
1133,RYR3
1134,ANKS6
1135,AGR2
1136,KERA
1137,DFNA31
1138,P4HA2
1139,HNRNPR
1140,KRT4
1141,LTV1
1142,RBM12
1143,TNPO2
1144,MAP3K14
1145,NUP133
1146,ACTN2
1147,EPB41L1
1148,INTLQ2
1149,TAT
1150,ROR2
1151,INS
1152,CEP104
1153,SASH1
1154,DVL3
1155,CDC20
1156,IFNGR2
1157,TRPV6
1158,GK
1159,NLGN4X
1160,SF3B2
1161,BAG5
1162,EIF3F
1163,IL17RA
1164,IMPDH1
1165,ANAPC7
1166,SPAST
1167,AHCY
1168,UNC93B1
1169,GTF2H5
1170,ZNF292
1171,APCDD1
1172,EWSR1
1173,PIGY
1174,SLC30A8
1175,MEI1
1176,UBA2
1177,AP3D1
1178,COL4A4
1179,CLCN4
1180,COL6A2
1181,EDC3
1182,GOT2
1183,IHH
1184,TUBB6
1185,TRAK1
1186,USP26
1187,ARL2
1188,SOX11
1189,TET3
1190,ACSL5
1191,EIF2B1
1192,APOA5
1193,CCL5
1194,TEFM
1195,KCNT2
1196,UROD
1197,FIG4
1198,FAH
1199,AQP1
1200,CUX2
1201,NCDN
1202,WBP2
1203,SLC12A2
1204,STX16
1205,PDSS1
1206,CD8A
1207,IFNAR2
1208,SLC22A4
1209,MICOS13
1210,THRA
1211,CRLF1
1212,CRLS1
1213,HOGA1
1214,PREPL
1215,PDGFRL
1216,MAF
1217,ASB10
1218,SPEG
1219,TNC
1220,SPINK1
1221,KDR
1222,COL4A6
1223,JAK2
1224,ACTL7A
1225,SLC11A1
1226,SGMS2
1227,NHLH2
1228,GABRG2
1229,PPP2CA
1230,ADSL
1231,CDKN1C
1232,FBXL3
1233,STUB1
1234,HNRNPU
1235,KCNA5
1236,SGCD
1237,SGCA
1238,COL6A1
1239,SLC4A2
1240,HACD1
1241,ZPBP
1242,ALDH3A2
1243,PET117
1244,CCDC65
1245,TLR8
1246,NONO
1247,KIF23
1248,SLC51A
1249,KRT9
1250,FGF14
1251,PPCS
1252,KCNMA1
1253,THOC6
1254,DALRD3
1255,MYBPC3
1256,MAFA
1257,IL1B
1258,TAP2
1259,SLC26A3
1260,PCDH19
1261,CLDN1
1262,ZNF687
1263,ZMPSTE24
1264,RNF168
1265,LDHB
1266,HRG
1267,PSMB10
1268,EA3
1269,DNMBP
1270,ATAD3A
1271,PRKDC
1272,GJA8
1273,VEGFC
1274,DNM2
1275,ALAS2
1276,ODAD2
1277,COA8
1278,MICU1
1279,SERPINF2
1280,EDEM3
1281,EHBP1
1282,PKP2
1283,EPB41
1284,MAMLD1
1285,UBA1
1286,TMEM216
1287,TAC3
1288,TUBB4B
1289,PRDM8
1290,RPS14
1291,RAB7A
1292,WDFY3
1293,HNF1A
1294,SLF2
1295,WDR73
1296,GYPB
1297,ADARB1
1298,CLCC1
1299,MDM4
1300,SBF1
1301,D2HGDH
1302,VPS41
1303,BBS4
1304,SIPA1L3
1305,NFIA
1306,FNIP1
1307,BRWD1
1308,AK2
1309,WRAP53
1310,MAPK8IP1
1311,LMX1A
1312,NR4A2
1313,CYP24A1
1314,MCM2
1315,CD4
1316,HNRNPA2B1
1317,PGAP3
1318,ANIB3
1319,ADAMTSL2
1320,SKIC2
1321,NCF4
1322,RTN2
1323,MRX53
1324,LCA5
1325,RBP3
1326,NUP88
1327,GUCY1A1
1328,COL6A3
1329,GARS1
1330,GLRX5
1331,ARR3
1332,RPS24
1333,NFKBIL1
1334,DRC1
1335,LPA
1336,SET
1337,HMGCS2
1338,ISCA1
1339,ITPR2
1340,CEP83
1341,GDF5
1342,TBXAS1
1343,SMAD9
1344,PRPF31
1345,JPH2
1346,MMUT
1347,CA5A
1348,EDAR
1349,MAPKAPK5
1350,SALL2
1351,UPF3B
1352,AIPL1
1353,HAAO
1354,KLHL24
1355,AARS1
1356,FOXRED1
1357,FLNC
1358,STK36
1359,FAM149B1
1360,CDK13
1361,MGME1
1362,MECOM
1363,DPY19L2
1364,GUF1
1365,MECR
1366,PDE6C
1367,HECW2
1368,SELENOI
1369,SYNGAP1
1370,QRSL1
1371,PRKCD
1372,HDAC4
1373,NR3C1
1374,SHOX
1375,IMPG2
1376,VANGL2
1377,GCNT2
1378,WDR26
1379,NSMCE3
1380,NFU1
1381,SUN5
1382,UFM1
1383,HGSNAT
1384,SAR1B
1385,SEC61A1
1386,GNAI2
1387,AMBN
1388,CTNND1
1389,PPP1R13L
1390,FMTLE
1391,GNE
1392,ERMAP
1393,PAPA3
1394,DLL4
1395,ZNF750
1396,OPLAH
1397,RHAG
1398,FCN3
1399,KLF6
1400,STAG1
1401,MRPS34
1402,CHRM3
1403,AP1B1
1404,TNNI3K
1405,DOCK11
1406,MIF
1407,NOP56
1408,SMARCA2
1409,PIP5K1C
1410,ATP6V0A4
1411,SRD5A2
1412,DOCK8
1413,COX6A1
1414,EIF2AK2
1415,ASCC1
1416,THAP1
1417,CERS1
1418,NLRP2
1419,MRPS25
1420,USP45
1421,HCCS
1422,TDRD7
1423,FUZ
1424,SUFU
1425,NME5
1426,SLC9A3
1427,FANCB
1428,CCT5
1429,NRROS
1430,RAC2
1431,IMPDH2
1432,CEBPE
1433,CYP19A1
1434,PAICS
1435,C7
1436,SPIN4
1437,TMEM70
1438,SLC16A2
1439,GLI1
1440,SLC17A5
1441,KRT16
1442,RDH12
1443,SLC26A5
1444,MCM4
1445,TLR5
1446,RNF216
1447,RGS9BP
1448,CPT1A
1449,AUH
1450,NPR3
1451,AKR1C2
1452,LMNB2
1453,CUL3
1454,RELT
1455,HRPT3
1456,EDNRA
1457,SLCO1B1
1458,PTGER2
1459,GLE1
1460,FAAH
1461,FCGR1A
1462,BBS7
1463,COQ8A
1464,NDUFB8
1465,MMP2
1466,JARID2
1467,GPSM2
1468,DES
1469,NIDDM3
1470,DLX5
1471,SOD1
1472,CCL2
1473,COA6
1474,TREX1
1475,FHOD3
1476,AK9
1477,KPNA3
1478,NDUFB10
1479,SMARCA4
1480,EXOC2
1481,RRM2B
1482,SLC2A10
1483,RIPPLY2
1484,SLC4A3
1485,B9D2
1486,PNPO
1487,GATA2
1488,KCNJ13
1489,CXCR2
1490,PAX4
1491,MED13
1492,TTR
1493,AMACR
1494,OFC13
1495,INPP5K
1496,SLC25A32
1497,GMNN
1498,AP1S1
1499,CACNA2D2
1500,ACTL6B
1501,ARSK
1502,SCNN1A
1503,KCNA4
1504,BFSP2
1505,MRAS
1506,GABRB1
1507,C18orf32
1508,NME8
1509,DSG2
1510,PIGO
1511,C19orf12
1512,GTPBP1
1513,CWC27
1514,COPB2
1515,ENAM
1516,UQCC2
1517,MKKS
1518,ELAC2
1519,GDF1
1520,STARD7
1521,SPTSSA
1522,UMOD
1523,KYNU
1524,MCM8
1525,SRGAP1
1526,MMP19
1527,C1QB
1528,BRIP1
1529,CEP250
1530,KCNA1
1531,IKBKB
1532,B3GALNT2
1533,ATG5
1534,CIDEC
1535,NR1H4
1536,CAPN15
1537,PITX3
1538,MYO18B
1539,ITGB6
1540,EFNB1
1541,COL7A1
1542,CCDC34
1543,APRT
1544,GAS8
1545,CERT1
1546,SLC1A2
1547,DTNBP1
1548,BRAT1
1549,FBLN5
1550,CAD
1551,IL2RA
1552,KIF26A
1553,SOX10
1554,PPT1
1555,ECHS1
1556,TERT
1557,BCR
1558,ETFDH
1559,DHCR7
1560,AQP5
1561,TMEM127
1562,SIN3A
1563,EIF2B5
1564,XK
1565,SEPTIN9
1566,APMR3
1567,KLHL7
1568,VANGL1
1569,IFT140
1570,ADRB3
1571,TFE3
1572,SPARC
1573,CSTA
1574,PSMC3
1575,CPOX
1576,MXI1
1577,CARD10
1578,DHODH
1579,ERF
1580,NRIP1
1581,IL7
1582,NCKAP1L
1583,HNRNPDL
1584,SERPINC1
1585,LIPT2
1586,SPEN
1587,SOX9
1588,GDNF
1589,MYO9A
1590,MTPAP
1591,NUP107
1592,JPH3
1593,DPYSL5
1594,TRPC6
1595,TNNT1
1596,TG
1597,CTRCT37
1598,SLC35A3
1599,AGO1
1600,OSBPL2
1601,TPI1
1602,MET
1603,COX6A2
1604,PROZ
1605,MEN1
1606,SLC22A5
1607,CPS1
1608,HOXC13
1609,FUCA1
1610,RNF139
1611,PAX1
1612,EIF4G1
1613,NFASC
1614,SLC25A4
1615,LGR4
1616,AMTN
1617,SPACA1
1618,XPNPEP3
1619,IYD
1620,MPLKIP
1621,TUBA1A
1622,BDP1
1623,XPR1
1624,GLI2
1625,CYP27A1
1626,FUS
1627,POLR2A
1628,PGK1
1629,DUOX2
1630,CLEC1A
1631,GINS1
1632,COL3A1
1633,CANDN1
1634,GAA
1635,FASTKD2
1636,AFG3L2
1637,COL8A2
1638,NECTIN4
1639,SALL1
1640,BPTF
1641,INPP5E
1642,NEK8
1643,GP6
1644,TECR
1645,SLC6A8
1646,TRMT1
1647,ALPQTL3
1648,PRKD1
1649,SATB1
1650,MPVQTL3
1651,NUBPL
1652,TLCD3B
1653,NDUFB11
1654,HP
1655,ATOH1
1656,APOL1
1657,TNFRSF1A
1658,CSF1R
1659,CEP290
1660,TMTC4
1661,CACNA2D1
1662,NFE2L2
1663,FCGR3A
1664,FBXW7
1665,COCH
1666,TWIST1
1667,TFR2
1668,IKZF5
1669,LAMC2
1670,CYP2C9
1671,ZIC1
1672,GBE1
1673,ALG12
1674,COX11
1675,DYNC2LI1
1676,RIN2
1677,RSPO2
1678,UBE4A
1679,TGFB1
1680,HMX1
1681,CPT1C
1682,CASP14
1683,IL17F
1684,PNP
1685,NAT2
1686,ARX
1687,TULP1
1688,MAFB
1689,DICER1
1690,GRN
1691,P4HB
1692,HUWE1
1693,MC2R
1694,BHLHE41
1695,KATNIP
1696,DNMT1
1697,PTEN
1698,DTNA
1699,PDCD10
1700,SCN5A
1701,H4C9
1702,GDAP1
1703,SH2B3
1704,CHM
1705,RUNX1
1706,SCN8A
1707,NIN
1708,KPNA7
1709,PALLD
1710,KCNN3
1711,RPIA
1712,ATP5F1D
1713,SMAD3
1714,MOCS2
1715,CHKB
1716,ARHGEF1
1717,GLIS3
1718,TRDN
1719,RFX5
1720,EXOSC1
1721,PEX2
1722,PRRX1
1723,B3GAT3
1724,PSEN1
1725,GRIA2
1726,PROS1
1727,GRHL2
1728,MCPH1
1729,NAGA
1730,TNNT2
1731,CASK
1732,SNRPE
1733,TMEM222
1734,TSEN2
1735,FXN
1736,TTLL5
1737,TBC1D23
1738,CDC14A
1739,H4C3
1740,ADAMTS17
1741,MC1R
1742,BEAN1
1743,DDX11
1744,DOK7
1745,SLC26A8
1746,KRT3
1747,KCNT1
1748,IRF6
1749,ACTA1
1750,FGF20
1751,CAV3
1752,POLR1A
1753,OSTM1
1754,DNM1L
1755,AASS
1756,TTI1
1757,POMK
1758,WWOX
1759,GULOP
1760,SLC24A5
1761,MVK
1762,FBXO43
1763,FLAD1
1764,DCX
1765,RFT1
1766,DNAJC5
1767,APTX
1768,IL10RB
1769,UBE3B
1770,LRPAP1
1771,WRN
1772,GMPPB
1773,POLH
1774,SLC6A9
1775,NCAPH
1776,CLN3
1777,ZNF141
1778,PAX2
1779,NBEAL2
1780,PAFAH1B1
1781,NBEA
1782,BNC2
1783,ITGB2
1784,STAT3
1785,SH3KBP1
1786,NUP214
1787,MTHFR
1788,RXYLT1
1789,MTTP
1790,SLC25A42
1791,GPR161
1792,TMEM163
1793,THUMPD1
1794,TRIP11
1795,ACAD8
1796,DHX38
1797,NR5A1
1798,MAP3K20
1799,MADD
1800,CIITA
1801,PHF21A
1802,RBM8A
1803,DNAJC12
1804,ACTN4
1805,ATP2C1
1806,GFAP
1807,SYCP2L
1808,HPDL
1809,THPO
1810,SLC2A9
1811,EXOC6B
1812,KCNJ10
1813,IFT57
1814,TTC5
1815,EZH2
1816,NUP155
1817,SLC17A3
1818,DZIP1
1819,CISH
1820,RAD51C
1821,IRF3
1822,LZTR1
1823,TDP1
1824,SCNN1G
1825,VPS13A
1826,HBA2
1827,GDF9
1828,SLC46A1
1829,GLDN
1830,DOHH
1831,DARS1
1832,SLC24A4
1833,EVC2
1834,SLC32A1
1835,ADH1B
1836,LACC1
1837,TMEM138
1838,LHX4
1839,FANCA
1840,NLRP7
1841,WDR37
1842,MTR
1843,PTPA
1844,LRSAM1
1845,SYT14
1846,MVD
1847,COQ5
1848,RECQL4
1849,SCUBE3
1850,AGPAT2
1851,TPM4
1852,SRPX2
1853,ETM3
1854,KRT75
1855,ACVRL1
1856,FIGLA
1857,DFNB38
1858,LAMA4
1859,UBAP2L
1860,POC1B
1861,KMT2A
1862,AGTPBP1
1863,CPAMD8
1864,LBX1
1865,STIL
1866,CNGB3
1867,MYB
1868,LYRM4
1869,GJB1
1870,RRAGC
1871,SMCHD1
1872,ADGRG6
1873,GUCY2D
1874,LFNG
1875,TRMT10C
1876,SOS2
1877,LTC4S
1878,PCSK9
1879,NUP62
1880,EFEMP1
1881,CDC42BPB
1882,ZMIZ1
1883,C1QC
1884,F13B
1885,COL1A1
1886,SYNJ1
1887,XRCC2
1888,IL17RD
1889,IFT74
1890,PLEKHG5
1891,BAG3
1892,GTF2E2
1893,MPEG1
1894,IGF1
1895,B9D1
1896,GNAQ
1897,CD79B
1898,KRT17
1899,RPS27
1900,SOX2
1901,PRKCA
1902,COL2A1
1903,SHOC2
1904,RSRC1
1905,FKRP
1906,NF2
1907,AQP7
1908,SLC12A1
1909,C1QA
1910,PIGG
1911,DLX3
1912,CDC6
1913,PRX
1914,ADAMTS10
1915,CD164
1916,MKRN3
1917,SYCE1
1918,UCP2
1919,NRG1
1920,KDSR
1921,MAN2C1
1922,RETN
1923,PANK2
1924,MCIDAS
1925,SLC52A2
1926,BSG
1927,ATP6V1B1
1928,TSC2
1929,SOX18
1930,KEL
1931,SMN1
1932,DKC1
1933,PDZD8
1934,FAM20A
1935,ABCB11
1936,CHMP2B
1937,ATP5PO
1938,MOGS
1939,NDST1
1940,DCDC2
1941,POMGNT1
1942,CLDN2
1943,PEX10
1944,MRPL3
1945,FBXO28
1946,SHARPIN
1947,FGF16
1948,DLAT
1949,ACADSB
1950,GCH1
1951,GPD1L
1952,PRKACB
1953,CAST
1954,KCNJ18
1955,GPRC5B
1956,IRF2BPL
1957,SIGMAR1
1958,DMD
1959,PON1
1960,RAD51D
1961,MTHFS
1962,BCL11A
1963,ACO2
1964,NSD2
1965,GAL
1966,CHRNA2
1967,DYT13
1968,MGR3
1969,STRC
1970,ALG3
1971,CSNK1D
1972,LRIT3
1973,ZFP57
1974,SEMA7A
1975,DEGS1
1976,HBA1
1977,USP53
1978,HDAC6
1979,MTSS2
1980,DNAJB11
1981,GLRA1
1982,CLCN1
1983,GHR
1984,ISCU
1985,CDT1
1986,IFT172
1987,MSTO1
1988,TJP2
1989,OGDHL
1990,CUBN
1991,NHLRC2
1992,SOHLH1
1993,PMPCA
1994,PDE6H
1995,SLITRK6
1996,SZT2
1997,DHPS
1998,NDUFAF3
1999,FA2H
2000,CBX2
2001,SLC39A4
2002,SYN1
2003,HAX1
2004,RPGRIP1L
2005,PSAP
2006,PDE11A
2007,TTBK2
2008,MYOT
2009,WAC
2010,NOTCH1
2011,CLTC
2012,COQ9
2013,DPH1
2014,CEACAM16
2015,CCL3L1
2016,LIPH
2017,HNRNPH2
2018,FLG2
2019,RAD50
2020,PHGDH
2021,CDON
2022,FDPS
2023,AURKC
2024,RAB39B
2025,TRPS1
2026,TSPOAP1
2027,HERC2
2028,H4C11
2029,ABCC11
2030,DNAH2
2031,USP8
2032,TP73
2033,SLX4
2034,PIGQ
2035,GFI1
2036,PNPLA1
2037,HKDC1
2038,RNPC3
2039,AP2S1
2040,ERBB2
2041,BPNT2
2042,GJC2
2043,CRYBB1
2044,TENT5A
2045,LAMB3
2046,IARS1
2047,TBX6
2048,ERCC1
2049,CTSC
2050,CCDC88A
2051,DNAJC6
2052,FBXW11
2053,AP1S2
2054,FZD6
2055,DHX37
2056,RAI1
2057,FANCF
2058,AURKA
2059,DYRK1B
2060,IDDM13
2061,CHDT3
2062,CLCNKA
2063,TONSL
2064,ADCY3
2065,ATP13A3
2066,MYCN
2067,NPC2
2068,PIGF
2069,TIMMDC1
2070,PRKAR1B
2071,TAS2R16
2072,CFAP298
2073,DAW1
2074,PIGM
2075,MYOC
2076,F8
2077,CPE
2078,SPNS2
2079,PERCC1
2080,SH2D1A
2081,FOXC2
2082,COL4A1
2083,ABCA5
2084,MYMK
2085,VWA3B
2086,PIKFYVE
2087,NF1
2088,GLC3C
2089,ZFYVE26
2090,SRRM2
2091,KDM6A
2092,EIF4A2
2093,MCM5
2094,ZDHHC9
2095,CA8
2096,VPS50
2097,PDE6D
2098,DSC3
2099,PLEKHM1
2100,FANCM
2101,FLVCR1
2102,DCPS
2103,SARDH
2104,PLS1
2105,PIBF1
2106,TPP2
2107,GCM2
2108,ZIC2
2109,IVD
2110,CALCRL
2111,SOBP
2112,ACSF3
2113,CREB1
2114,TNXB
2115,SLC25A15
2116,RHD
2117,TICAM1
2118,UCP3
2119,PTPN14
2120,SSR4
2121,C12orf57
2122,CCDC22
2123,UGT1A1
2124,DCAF17
2125,ACAT1
2126,TMEM199
2127,ALDH1A2
2128,ITGB4
2129,AP2M1
2130,RP9
2131,ANK1
2132,GCKR
2133,EGR2
2134,FCSK
2135,PTH
2136,CPLANE1
2137,MUC1
2138,MAFD3
2139,CEP63
2140,MED17
2141,IKZF1
2142,SERAC1
2143,MRT23
2144,TXNRD2
2145,ASH1L
2146,FMN2
2147,TEAD1
2148,PEX13
2149,PLCH1
2150,BCAM
2151,EDARADD
2152,SPRTN
2153,PLK4
2154,PIGA
2155,PRICKLE1
2156,SHOC1
2157,NAA15
2158,FOXE1
2159,LRTOMT
2160,PET100
2161,SCYL1
2162,TCIRG1
2163,PCBD1
2164,PSMB1
2165,POLR1B
2166,RNF212
2167,MSMO1
2168,PYGL
2169,GPC3
2170,DDX41
2171,GP1BB
2172,HEATR3
2173,FLT3
2174,HES7
2175,HNMT
2176,PLCE1
2177,KY
2178,PMM2
2179,DIO1
2180,PUS7
2181,MYLK
2182,WASF1
2183,ZMYM3
2184,SMARCAL1
2185,ZCCHC8
2186,SLC4A11
2187,P4HTM
2188,SCAF4
2189,CWF19L1
2190,PLCB1
2191,ZNF142
2192,MIA3
2193,PEX19
2194,ZFX
2195,MED23
2196,MATN3
2197,PHEX
2198,HELLS
2199,TRAPPC2
2200,PIGT
2201,SHH
2202,NDUFS7
2203,KIZ
2204,LIAS
2205,TSC1
2206,HMGCL
2207,ITGA3
2208,LIPE
2209,VPS13C
2210,ADGRG2
2211,ADAM10
2212,RAB18
2213,SCZD13
2214,MPV17
2215,TBX5
2216,PIGP
2217,RAB33B
2218,DYNC2H1
2219,APOLD1
2220,PBX1
2221,NRCLP3
2222,KIAA0753
2223,CNNM4
2224,CARD11
2225,ATOH7
2226,ANGPTL3
2227,SETD5
2228,EIF2B2
2229,HPD
2230,CTAA1
2231,TTPP3
2232,COL11A2
2233,ILDR1
2234,BLTP1
2235,BET1
2236,PINK1
2237,GNPNAT1
2238,RALGAPA1
2239,MED13L
2240,STAC3
2241,CAMSAP1
2242,MED27
2243,ADK
2244,CASP10
2245,SLC9A7
2246,DIABLO
2247,FAR1
2248,COPB1
2249,STAT5B
2250,GALNT12
2251,PTRHD1
2252,CETP
2253,SMPD4
2254,TAB2
2255,SDHAF2
2256,LMAN2L
2257,GPD1
2258,BSZQTL3
2259,CNOT2
2260,CBL
2261,H4C5
2262,ZNF699
2263,SHQ1
2264,RNF31
2265,WAS
2266,UNC45B
2267,DDOST
2268,PAH
2269,POMP
2270,TEKT3
2271,ODAPH
2272,TPR
2273,ART4
2274,FRMD4A
2275,ITGA7
2276,AFF4
2277,DSTYK
2278,SERPIND1
2279,SPRY2
2280,NEUROD1
2281,PLAU
2282,ACADS
2283,GSTZ1
2284,MAD2L2
2285,SLCO1B3
2286,MEGF8
2287,VPS4A
2288,KRT81
2289,RETREG1
2290,ING1
2291,PRDM13
2292,CNOT3
2293,PRDX3
2294,TUBB1
2295,ANK3
2296,LRRC56
2297,NKX2-6
2298,NGF
2299,MSR1
2300,DNMT3A
2301,C4B
2302,RAB3GAP1
2303,TGDS
2304,SLC5A1
2305,SECISBP2
2306,TOP2A
2307,IL10
2308,MYOD1
2309,PRKRA
2310,GALK1
2311,PCSK1
2312,SFXN4
2313,PTRH2
2314,ABL1
2315,IRAK3
2316,CRYAA
2317,GALE
2318,TBCK
2319,TUBB2A
2320,RAC3
2321,NLGN1
2322,RNASEH2B
2323,STAR
2324,APC2
2325,GTPBP2
2326,EXOSC9
2327,NEK9
2328,KCNC1
2329,RPA1
2330,SUPT16H
2331,MFRP
2332,P2RX2
2333,MAGI2
2334,EPS8L2
2335,SLC44A1
2336,AHSG
2337,ODAD3
2338,YY1AP1
2339,SELENBP1
2340,HESX1
2341,PTPN1
2342,SMOC1
2343,HDAC9
2344,RNASEH2A
2345,ARID1B
2346,RORC
2347,KLHL3
2348,USH1G
2349,GSS
2350,DCAF8
2351,ABCC1
2352,SPG11
2353,PDGFRB
2354,MTNR1B
2355,EPO
2356,RRP7A
2357,IL12B
2358,NARS2
2359,BANF1
2360,PCYT1A
2361,PLP1
2362,NIPAL4
2363,PITX2
2364,SYP
2365,SPAG1
2366,IL37
2367,SLC25A36
2368,MOCOS
2369,COLEC11
2370,MYT1L
2371,GAS2L2
2372,MFSD8
2373,HNF4A
2374,EPS8L3
2375,NPHS2
2376,MSH5
2377,GATC
2378,CTPS1
2379,PEX6
2380,SMO
2381,SMPX
2382,PRORP
2383,KIF7
2384,NUTM2B-AS1
2385,ATP6V1A
2386,POU4F1
2387,ZNF526
2388,SLC39A13
2389,PROKR2
2390,SLC13A3
2391,OXGR1
2392,GLUL
2393,CHD5
2394,LRP8
2395,MIPEP
2396,BMIQ3
2397,GGN
2398,ASCC3
2399,CFAP251
2400,SMARCC1
2401,TLE6
2402,TNNT3
2403,KIF1C
2404,ZNHIT3
2405,STK33
2406,ADIPOQ
2407,WDR45
2408,LDB3
2409,DRD3
2410,NAT8L
2411,LOXHD1
2412,GATA4
2413,CLIC5
2414,DCLRE1C
2415,SPG36
2416,RPS23
2417,IGF1R
2418,ELP1
2419,ATXN3
2420,KDM5B
2421,SIX1
2422,SPINT2
2423,LIG4
2424,EPB42
2425,MRPS23
2426,HRURF
2427,ARSB
2428,MB
2429,POMC
2430,GATA6
2431,AMER1
2432,IDH3B
2433,CLPB
2434,EPS8
2435,CYP26B1
2436,TMEM43
2437,FILIP1
2438,FLG
2439,KCNK9
2440,EGLN1
2441,STQTL23
2442,EPOR
2443,EXPH5
2444,EIF2AK3
2445,PGM2L1
2446,PURA
2447,LRRC8A
2448,UBR1
2449,GRIA1
2450,LGI3
2451,CDK19
2452,CBFB
2453,DRAM2
2454,SMC5
2455,AMN
2456,PAX8
2457,BAX
2458,KCNK4
2459,RBPJ
2460,PGM3
2461,PGAP2
2462,PPA2
2463,IARS2
2464,ZBTB20
2465,SNAPC4
2466,HAL
2467,NOD2
2468,SERPINB7
2469,POU1F1
2470,HBB
2471,HTR2A
2472,GYS1
2473,COG7
2474,YEATS2
2475,MAG
2476,ADAMTS13
2477,CD70
2478,DIAPH1
2479,VPS13D
2480,SULT2B1
2481,MIR184
2482,NOTCH2NLC
2483,GSN
2484,APOB
2485,GFM1
2486,MYOZ2
2487,CRADD
2488,DCLRE1B
2489,RAP1GDS1
2490,HABP2
2491,ST3GAL5
2492,KCNQ5
2493,LARGE1
2494,RIT1
2495,FUT2
2496,YRDC
2497,POLR3A
2498,ALX1
2499,CELA2A
2500,ACP5
2501,CHRNA1
2502,KRT12
2503,POLA1
2504,MAOA
2505,PHKA2
2506,CARD8
2507,DNAH9
2508,TUBA4A
2509,TUBB8
2510,KLF1
2511,COMT
2512,SPR
2513,KIF22
2514,SLC25A38
2515,NLGN3
2516,ARL6
2517,TGFB2
2518,FRMD7
2519,GANAB
2520,SHANK3
2521,NR2F1
2522,DNAI2
2523,GATA5
2524,DPYS
2525,TNPO3
2526,ROM1
2527,KCNH1
2528,CACNB4
2529,GRXCR1
2530,ACOX1
2531,ANKRD26
2532,PTH1R
2533,RARB
2534,JAGN1
2535,ACAD9
2536,CFD
2537,NRAS
2538,BLOC1S3
2539,TNR
2540,PDGFRA
2541,MYO1E
2542,AEBP1
2543,DLL1
2544,HAMP
2545,TBK1
2546,SPTAN1
2547,SLC9A6
2548,B4GALT1
2549,NCAPG2
2550,PRKAG2
2551,LCT
2552,CSF2RB
2553,ELMOD3
2554,APOA1
2555,ARHGEF2
2556,KATNB1
2557,LZTFL1
2558,BPGM
2559,PON2
2560,ACAN
2561,CTSK
2562,PRIMPOL
2563,CRYBA1
2564,INTS1
2565,ITK
2566,PTCD3
2567,FOXD3
2568,ARID2
2569,TMEM126A
2570,RAB28
2571,SKI
2572,NSF
2573,AGRN
2574,DPYD
2575,CHAT
2576,RAB32
2577,PRPS1
2578,TPM1
2579,EPHA10
2580,IGFBP7
2581,GPR143
2582,PDCD6IP
2583,CD55
2584,LIPC
2585,SPEF2
2586,BBS12
2587,GGT1
2588,GNMT
2589,STRA6
2590,ARHGEF10
2591,NDUFS3
2592,HOXB13
2593,TMLHE
2594,WDR45B
2595,SMOC2
2596,CILP
2597,NEU1
2598,IFNGR1
2599,PRPF8
2600,CHCHD10
2601,ATP2A1
2602,FH
2603,C1S
2604,SH3BP2
2605,MYOF
2606,MDH1
2607,PTGIS
2608,LAMA1
2609,ARMS2
2610,AVP
2611,DLL3
2612,FAS
2613,POT1
2614,ADH1C
2615,PEX26
2616,AMT
2617,ARSA
2618,RAB23
2619,FYB1
2620,ADCY6
2621,RHCE
2622,DNAAF5
2623,POU6F2
2624,GHRHR
2625,MAPKBP1
2626,MEGF10
2627,GMPPA
2628,ABCB6
2629,HMGA2
2630,NT5C2
2631,NACC1
2632,ALOX12B
2633,SAMHD1
2634,DNAH17
2635,GLS
2636,CRYAB
2637,NUDT2
2638,TK2
2639,GATM
2640,LPL
2641,WDR1
2642,DIP2B
2643,RNU7-1
2644,GLIS2
2645,WDR19
2646,BCKDHA
2647,TNFSF11
2648,CBLIF
2649,KLHDC8B
2650,SLC35A2
2651,GALC
2652,DHDDS
2653,AP1S3
2654,NPPA
2655,RRAGD
2656,SLC45A1
2657,SLC25A3
2658,CAPN5
2659,SP6
2660,CLRN1
2661,MCM6
2662,BRF1
2663,ARL13B
2664,HK1
2665,NOS3
2666,CEP135
2667,TBCD
2668,LRAT
2669,CX3CR1
2670,SF3B4
2671,TLR7
2672,ITGA2B
2673,HYSP3
2674,LYSET
2675,MHS3
2676,VPS11
2677,PORCN
2678,LGALS2
2679,GNA11
2680,BCS1L
2681,TMC6
2682,FFAR4
2683,PLOD2
2684,CLDN9
2685,ATP5F1A
2686,SVBP
2687,PLOD3
2688,MLPH
2689,FLT4
2690,PLA2G4A
2691,SPATA16
2692,PLD3
2693,RHOH
2694,EGFR
2695,SLC52A1
2696,KLKB1
2697,SLC38A3
2698,PRPH2
2699,SERPING1
2700,ICOSLG
2701,SSBP1
2702,MAB21L2
2703,KCNK3
2704,RHBDF2
2705,XRCC3
2706,CFAP91
2707,IFT80
2708,IRAK4
2709,SLC39A14
2710,CHRDL1
2711,CHD8
2712,IMPA1
2713,GPAA1
2714,ALS2
2715,CTNNA2
2716,IRF2BP2
2717,ALDH1A3
2718,PSNP3
2719,KRT6B
2720,ZNF335
2721,CCDC39
2722,CRYGB
2723,GIGYF2
2724,DSPP
2725,TOR1A
2726,CD2AP
2727,XDH
2728,CAMK2A
2729,CCR2
2730,ACSL4
2731,GREB1L
2732,OTOF
2733,DNAH10
2734,PTF1A
2735,CRX
2736,SFTPC
2737,RNF213
2738,PSAT1
2739,SFRP4
2740,BUB1
2741,PKHD1L1
2742,CNTN2
2743,SLC1A1
2744,DNAJB2
2745,G6PD
2746,PROP1
2747,TRAPPC4
2748,DLC1
2749,IGBP1
2750,LAMA2
2751,CANT1
2752,FGA
2753,SIL1
2754,BSCL2
2755,AP3B2
2756,CD46
2757,PPP2R5D
2758,DMXL2
2759,SGPL1
2760,GLMN
2761,TLK2
2762,TFAP2A
2763,SERPINA1
2764,COL9A3
2765,CPT2
2766,TKT
2767,EPM2A
2768,NAXE
2769,TBX4
2770,SLC30A10
2771,ZNF408
2772,CCDC8
2773,SOCS1
2774,RNASEH2C
2775,COQ8B
2776,MTRR
2777,MASP1
2778,ABCD4
2779,HBG1
2780,KDM3B
2781,CLLS3
2782,ALDOB
2783,TFG
2784,TCAP
2785,POLRMT
2786,PCNT
2787,NPRL2
2788,FLNA
2789,MSN
2790,IRF1
2791,CDCA7
2792,CHD3
2793,STXBP2
2794,CRYBB3
2795,KIF15
2796,ESRP1
2797,SCNN1B
2798,NPC1L1
2799,FKBP6
2800,MESP2
2801,MYL4
2802,ZP2
2803,POLD1
2804,PSEN2
2805,CYP11B1
2806,CCND2
2807,FBXO31
2808,MAB21L1
2809,KDM5A
2810,KCND3
2811,KCTD17
2812,MMADHC
2813,MRM2
2814,BARD1
2815,CYFIP2
2816,RAD54B
2817,ACY1
2818,SLC25A21
2819,ATN1
2820,TENM3
2821,CTC1
2822,PTCH1
2823,TDP2
2824,EXOC3L2
2825,GINGF3
2826,GRIP1
2827,BCKDHB
2828,TBX21
2829,PSMC3IP
2830,SLC6A1
2831,SLC27A4
2832,ACTG2
2833,DCT
2834,TBX22
2835,MPO
2836,MAPT
2837,KMT2D
2838,DNAAF1
2839,OTULIN
2840,CIT
2841,WARS2
2842,FLT3LG
2843,INTS8
2844,LARS1
2845,ZP3
2846,VAX1
2847,AMPD3
2848,GLA
2849,RPL5
2850,MFF
2851,AMPD2
2852,CLDN14
2853,SERPINE1
2854,ITGB3
2855,FOXC1
2856,MS3
2857,DMGDH
2858,WNT2B
2859,PLAAT3
2860,PIEZO1
2861,CTNNA1
2862,SLC45A2
2863,C1QTNF5
2864,SDCCAG8
2865,LAMB2
2866,DSG4
2867,SGCE
2868,BMP2
2869,B4GAT1
2870,TRAPPC9
2871,SLC16A12
2872,CYP26C1
2873,XPNPEP2
2874,IQCB1
2875,SDHD
2876,JAG1
2877,ASPG3
2878,ERAL1
2879,CREB3L3
2880,PLA2G5
2881,CD44
2882,SYCP3
2883,PHIP
2884,SSX1
2885,CES1
2886,POU4F3
2887,THOC1
2888,STAMBP
2889,KLF11
2890,ACVR1
2891,SPRED2
2892,TEX15
2893,SLC1A3
2894,AKR1D1
2895,ACTN3
2896,PAX5
2897,PDXK
2898,IRGM
2899,ZFHX2
2900,KAZA3
2901,C1QBP
2902,ECEL1
2903,ANGPTL4
2904,MSTN
2905,PRNP
2906,FARS2
2907,IDDM23
2908,KLK4
2909,RAB5IF
2910,DDD3
2911,TAPBP
2912,KRAS
2913,TRAF3IP1
2914,SLC4A10
2915,DYT23
2916,OPN1MW
2917,SLC40A1
2918,HHAT
2919,NDUFAF8
2920,MYMX
2921,IL21R
2922,RDX
2923,CALCR
2924,GGPS1
2925,LTBP4
2926,SMPD1
2927,IL10RA
2928,RGR
2929,AP5Z1
2930,GNB2
2931,TUBB3
2932,ALAD
2933,LRRK2
2934,ASPH
2935,ALX4
2936,SMAR
2937,STEEP1
2938,CACNA1A
2939,CEP57
2940,SCYL2
2941,TKFC
2942,ASXL3
2943,CRYGS
2944,SCA30
2945,CTSA
2946,GON7
2947,TBX19
2948,SERPINF1
2949,INSR
2950,ALDH5A1
2951,SVIL
2952,HERC1
2953,APPL1
2954,GNAS-AS1
2955,RELB
2956,COASY
2957,NSDHL
2958,NAGS
2959,MTRFR
2960,SLC11A2
2961,GNB1
2962,SEC24D
2963,ODC1
2964,TGFBR2
2965,EYS
2966,ZFPM2
2967,SMG9
2968,TRPA1
2969,LMF1
2970,TRAPPC14
2971,LDLR
2972,PLPBP
2973,STXBP1
2974,COL13A1
2975,SARS2
2976,HCN2
2977,JAK1
2978,CFAP61
2979,RPS26
2980,MATR3
2981,DYNC1I2
2982,TGM6
2983,NDUFS1
2984,ZC4H2
2985,PNPLA6
2986,ADAR
2987,LYRM7
2988,GALNS
2989,AXIN2
2990,SLC36A2
2991,DBT
2992,TBC1D24
2993,DYM
2994,SHMT2
2995,ARV1
2996,CCL3
2997,VAMP1
2998,TPRN
2999,TIMM50
3000,C1GALT1C1
3001,HPC3
3002,DCTN1
3003,LMOD2
3004,DHX30
3005,TIMELESS
3006,TRPM4
3007,CAVIN1
3008,PRICKLE3
3009,COPA
3010,GDF11
3011,MINAR2
3012,IFT122
3013,FRA10AC1
3014,GFM2
3015,ACBD5
3016,RNF13
3017,NAF1
3018,CR2
3019,ATP1A3
3020,AFG2A
3021,UBR7
3022,GNAI1
3023,TRAF3
3024,HMOX1
3025,CYP2A6
3026,ROBO3
3027,LEPR
3028,LGI4
3029,HCRT
3030,MCFD2
3031,CDK8
3032,PDE6G
3033,MARS2
3034,CEP295
3035,TPP1
3036,REEP2
3037,GAMT
3038,ALG9
3039,FANCG
3040,LMBR1
3041,GIPC1
3042,MRAP
3043,MYH14
3044,SERPINB8
3045,STT3B
3046,HSD17B13
3047,INF2
3048,IKBKG
3049,TRIM37
3050,CACNA1D
3051,CLCN2
3052,PEX16
3053,USH2A
3054,NUP205
3055,NDUFAF6
3056,MRX23
3057,IDH1
3058,CHKA
3059,LNCR3
3060,DPM3
3061,SLC35D1
3062,MN1
3063,NFATC2
3064,DYNLT2B
3065,SPI1
3066,ASXL2
3067,PTPN22
3068,TAS2R38
3069,ACTA2
3070,IFT43
3071,MEOX1
3072,SLC25A13
3073,RPL26
3074,EYA1
3075,RFX6
3076,IL36RN
3077,OTOA
3078,BCKDK
3079,SLC14A1
3080,GJA1
3081,ALG11
3082,STX11
3083,KLHL40
3084,B4GALNT2
3085,MAP2K2
3086,FOXE3
3087,NDUFA9
3088,BMPR1B
3089,CSNK2B
3090,FOXG1
3091,KNL1
3092,SPD3
3093,EED
3094,SFTPA2
3095,WBP4
3096,CHRNG
3097,HPS1
3098,OPA3
3099,MYSM1
3100,CTSD
3101,FUT1
3102,DAB1
3103,SRD5A3
3104,GRIN1
3105,MBD4
3106,EIF4A3
3107,CCDC88C
3108,SASH3
3109,BTNL2
3110,DYX3
3111,RPL3L
3112,CD3E
3113,ZNF462
3114,NDRG1
3115,FSHB
3116,TBC1D8B
3117,AD13
3118,NSMCE2
3119,NT5E
3120,YIF1B
3121,CTDP1
3122,RAB34
3123,COL5A1
3124,TOP6BL
3125,CDH15
3126,ACACA
3127,CD27
3128,SOD3
3129,CHDS3
3130,CDSN
3131,CARTPT
3132,PRDM12
3133,OTC
3134,CDC45
3135,TERC
3136,GP9
3137,RPL13
3138,CRYBB2
3139,FANCE
3140,NUS1
3141,KCTD7
3142,KDM1A
3143,IL2RG
3144,EXOC8
3145,INTS11
3146,HMCN1
3147,HOXA2
3148,TRIM36
3149,KCNQ4
3150,ST14
3151,LIPA
3152,CYB561
3153,ABCG5
3154,USP9X
3155,CYB5R3
3156,MRT30
3157,ATXN2
3158,PDE3A
3159,ABCD1
3160,TSHZ1
3161,MYO6
3162,FCHO1
3163,NOBOX
3164,OTUD6B
3165,NIPBL
3166,PMS2
3167,BCL10
3168,HIBCH
3169,CNTNAP1
3170,CTU2
3171,TRAPPC12
3172,KIDINS220
3173,ZSWIM6
3174,PUS1
3175,ANGPT1
3176,CFAP47
3177,DPM1
3178,DNAH8
3179,PER3
3180,MYH8
3181,EDN3
3182,HJV
3183,HPCA
3184,LMAN1
3185,CCDC115
3186,L1CAM
3187,TPRKB
3188,MASP2
3189,KIF20A
3190,CPN1
3191,AKT3
3192,TRIO
3193,DNAAF2
3194,MARS1
3195,METTL23
3196,CHD7
3197,NDUFS6
3198,RGS9
3199,RAX
3200,ASPM
3201,CHST6
3202,UBIAD1
3203,ERI1
3204,MAK
3205,PPP1R17
3206,RPS6KA3
3207,KIRREL1
3208,TECPR2
3209,PPP1R3A
3210,PYCR2
3211,KRT10
3212,TAF6
3213,NARS1
3214,SLC30A2
3215,SLC38A8
3216,WNT1
3217,IFNG
3218,TTC8
3219,GP1BA
3220,AICDA
3221,LMNB1
3222,EVR3
3223,BCAP31
3224,PBRM1
3225,MTM1
3226,KIF5C
3227,RIMS2
3228,PIK3CG
3229,MDM2
3230,ATP6V1E1
3231,CYP2C19
3232,DHTKD1
3233,KMT2E
3234,KLK1
3235,HSD17B4
3236,KIF3B
3237,TGM1
3238,CD3G
3239,
3240,TET2
3241,MAX
3242,LYZ
3243,SCN9A
3244,FBXO7
3245,RP63
3246,UNC45A
3247,LOXL3
3248,RASA1
3249,CSTF2
3250,ASL
3251,KIFBP
3252,CD3D
3253,AGBL1
3254,TRAF3IP2
3255,RPGR
3256,PAK3
3257,CFC1
3258,SIX3
3259,PABPN1
3260,TUBGCP2
3261,FDFT1
3262,PHACTR1
3263,SRC
3264,COG6
3265,SYNE2
3266,NDUFB3
3267,SLC52A3
3268,GORAB
3269,TOP3A
3270,CHD2
3271,SS3
3272,PCYT2
3273,HLA-DQB1
3274,EPCAM
3275,CRTC1
3276,SLFN14
3277,POLG2
3278,HLCS
3279,ORC1
3280,KANK2
3281,JAK3
3282,EFTUD2
3283,KCNH5
3284,BBS2
3285,HEXA
3286,RSPH4A
3287,CCBE1
3288,PHYKPL
3289,SOD2
3290,TSEN54
3291,KIF11
3292,HOXA1
3293,TRIP13
3294,AK1
3295,ITGA8
3296,IL6R
3297,COL4A3
3298,KISS1
3299,NTHL1
3300,TUBB
3301,CD28
3302,AHR
3303,MUC7
3304,PNKP
3305,ASPRV1
3306,CHD1
3307,NFS1
3308,COL10A1
3309,PHKB
3310,TLR3
3311,NOG
3312,KCNJ5
3313,FCGR2B
3314,GNRHR
3315,SLC35C1
3316,SUMF1
3317,ETHE1
3318,PRSS56
3319,MAPK8IP3
3320,HNFJ3
3321,TGFB3
3322,OSMR
3323,ATP11A
3324,TMEM165
3325,MAP3K7
3326,COL17A1
3327,MRPL44
3328,ORC6
3329,IDUA
3330,RNU4-2
3331,CILK1
3332,CADM3
3333,EJM3
3334,MRPS7
3335,RECQL
3336,DNAH5
3337,CFP
3338,PIGK
3339,CCDC32
3340,GBA1
3341,TLR2
3342,ANTXR2
3343,CIC
3344,AKAP9
3345,COL11A1
3346,MED12
3347,DCXR
3348,SLC7A7
3349,FOXN1
3350,ATXN8
3351,SPTBN4
3352,ERLIN2
3353,IRS1
3354,LRP6
3355,UBAP1
3356,ACOX2
3357,USP9Y
3358,CLMP
3359,HSPA9
3360,NEPRO
3361,GRID2
3362,BRCA2
3363,RPL11
3364,RBM28
3365,CAPN3
3366,GNB3
3367,SLC3A1
3368,PRSS2
3369,AGK
3370,SAMD9
3371,RNH1
3372,TBX18
3373,GABRA5
3374,SLC1A4
3375,SLC2A2
3376,UVSSA
3377,ELOVL4
3378,SLC9A9
3379,PSMA6
3380,VPS13B
3381,DYNC1H1
3382,ERBB3
3383,CD59
3384,ZFP36L2
3385,TNFRSF11B
3386,RNF220
3387,LCP2
3388,PSTPIP1
3389,EPHB2
3390,ECE1
3391,IFT56
3392,CAMTA1
3393,LAGE3
3394,DDHD2
3395,MCCC1
3396,CSGALNACT1
3397,MCTS1
3398,UQCRFS1
3399,CYP2U1
3400,GRIA3
3401,TYMP
3402,ZNF407
3403,FTH1
3404,PNLDC1
3405,GNAI3
3406,SRCAP
3407,PIGV
3408,ITPR1
3409,PSMC1
3410,GOSR2
3411,COLQ
3412,HLA-DRB1
3413,RAD21
3414,RERE
3415,OPTN
3416,SLC13A5
3417,CD247
3418,GCSH
3419,FERMT3
3420,PLA2G2A
3421,XIST
3422,STAT2
3423,MECP2
3424,TTC19
3425,NFIX
3426,CEP164
3427,ALDH6A1
3428,EDNRB
3429,FSIP2
3430,PIGN
3431,TGIF1
3432,CCDC103
3433,GAN
3434,COL27A1
3435,TECTA
3436,ALDH7A1
3437,KCNB1
3438,GH1
3439,EXT3
3440,CNOT1
3441,PDZD7
3442,LDHA
3443,LTBP1
3444,ENPP1
3445,CTNS
3446,BFSP1
3447,VAMP2
3448,HARS1
3449,GNB4
3450,ANXA5
3451,MRTFA
3452,SNF8
3453,RPL35A
3454,CHST14
3455,CLPX
3456,MEF2C
3457,NDUFS4
3458,SLEB3
3459,CRYM
3460,NDUFC2
3461,OBSCN
3462,ANKH
3463,FEZF1
3464,PKLR
3465,RIPK4
3466,GSR
3467,MAGEL2
3468,PDX1
3469,CITED2
3470,GNAL
3471,ABO
3472,ARL3
3473,COQ7
3474,DUSP6
3475,REPS1
3476,PHYH
3477,TIA1
3478,KCNA2
3479,NDUFA1
3480,MED11
3481,SLC6A3
3482,VCP
3483,BMIQ13
3484,SLC20A2
3485,FSHR
3486,SUCLA2
3487,FMO3
3488,CAP2
3489,GET4
3490,GRXCR2
3491,SYT1
3492,UGP2
3493,MTO1
3494,HECTD4
3495,RD3
3496,PPP1R15B
3497,VARS2
3498,RNF43
3499,SETD2
3500,DIAPH3
3501,DRD5
3502,CDH11
3503,QRICH1
3504,PTDSS1
3505,RAB11B
3506,DSP
3507,OXCT1
3508,TMEM151A
3509,GATAD2B
3510,MC3R
3511,PPARG
3512,AIMP1
3513,A2ML1
3514,GFI1B
3515,KIT
3516,OPN1LW
3517,PTPRJ
3518,MRT31
3519,RFX7
3520,AUTS3
3521,SPG7
3522,CXCR1
3523,YARS2
3524,MRPS28
3525,VHL
3526,SLC25A12
3527,LIG1
3528,IFNL3
3529,ARG1
3530,NUP37
3531,SMN2
3532,POF1B
3533,SHPK
3534,CALM3
3535,XYLT2
3536,RAPGEF2
3537,OCLN
3538,LCAT
3539,SLC33A1
3540,PHKA1
3541,GUCA1A
3542,CRPPA
3543,SARS1
3544,CYC1
3545,RPS15A
3546,TNFSF4
3547,FGFR2
3548,SNCB
3549,CDC42
3550,ATXN7
3551,ELANE
3552,RAD54L
3553,CHIT1
3554,SDC3
3555,NDUFA10
3556,DLG5
3557,TACR3
3558,GRIA4
3559,OTOGL
3560,RSPO4
3561,BMND13
3562,SORD
3563,BCAT2
3564,MYL9
3565,FYCO1
3566,CA12
3567,FARSB
3568,SLI3
3569,ARNT2
3570,MAD1L1
3571,TRNT1
3572,SLC10A7
3573,SETX
3574,RAPSN
3575,LAS1L
3576,CNNM2
3577,ITM2B
3578,HR
3579,DOCK3
3580,CCDC47
3581,NOS1AP
3582,RIPK1
3583,FANCI
3584,CENPE
3585,PLCG1
3586,SGCB
3587,PTPN11
3588,ABHD12
3589,PEX1
3590,MYO1H
3591,PSS3
3592,WDR62
3593,SKIC3
3594,OTUD7A
3595,MMP3
3596,NSMF
3597,ASRT3
3598,MYD88
3599,PPIB
3600,COA5
3601,AGL
3602,TBX2
3603,TACSTD2
3604,LRPPRC
3605,EPHB4
3606,ARHGDIA
3607,CAT
3608,KIF14
3609,HAVCR2
3610,SCN1B
3611,CNGA1
3612,MSL3
3613,HPGD
3614,KMT2B
3615,C9
3616,PRDM5
3617,WNT3
3618,ALPK1
3619,BTG4
3620,DNAL4
3621,ADAMTS18
3622,MARCHF6
3623,CYB5A
3624,SRP54
3625,NGLY1
3626,LSM11
3627,SNRNP200
3628,DNAI1
3629,CFAP43
3630,AMELX
3631,YIPF5
3632,DNAJB13
3633,MIB1
3634,TRPM1
3635,AMH
3636,PDGFB
3637,METTL5
3638,IREB2
3639,EIF4E
3640,SPDA3
3641,ERCC8
3642,KRT25
3643,ANKRD11
3644,ABCB4
3645,VPS45
3646,ALG14
3647,PPIL1
3648,KRT6C
3649,AVPR2
3650,NEUROG1
3651,HSD11B1
3652,CACNG2
3653,UNC80
3654,MYH6
3655,DSG1
3656,FAT4
3657,SAMD7
3658,PDCD1
3659,PMVK
3660,PCCA
3661,MPDU1
3662,CTHRC1
3663,FBN1
3664,ASPN
3665,GDAP2
3666,TMEM231
3667,CYP4V2
3668,MTHFD1
3669,SERPINA7
3670,TCTN2
3671,HYT3
3672,BLM
3673,MMP13
3674,GCGR
3675,AP3B1
3676,PROC
3677,HOXA13
3678,ANXA11
3679,MEIS2
3680,COG5
3681,SLSN3
3682,CLCN5
3683,SF3B1
3684,TBC1D20
3685,SLC10A1
3686,RHOBTB2
3687,CHSY1
3688,KRT1
3689,SON
3690,CUL4B
3691,KIF21A
3692,FGQTL6
3693,HS6ST1
3694,TTC7A
3695,NTNG2
3696,WLS
3697,NHERF1
3698,ZC3H14
3699,LPIN1
3700,RIPOR2
3701,P3H1
3702,EYA4
3703,SLC30A9
3704,PALB2
3705,SNCA
3706,CCDC78
3707,ZNF668
3708,PRG4
3709,PRDM10
3710,SMAD2
3711,MCM9
3712,LPP
3713,TMEM53
3714,CASQ1
3715,WASHC4
3716,RHO
3717,BLNK
3718,AVIL
3719,PPM1D
3720,AUTS2
3721,F12
3722,FKTN
3723,JPH1
3724,SGO1
3725,PDHA2
3726,FOXO1
3727,CHD4
3728,RABL3
3729,SERPINH1
3730,TPH2
3731,POFUT1
3732,HSPG2
3733,BUB1B
3734,SMAD7
3735,MAT1A
3736,KLHL15
3737,TERB2
3738,CARD9
3739,RLBP1
3740,FERRY3
3741,HSF2BP
3742,NHP2
3743,CLN6
3744,MAGED2
3745,HARS2
3746,OXR1
3747,ARL6IP1
3748,ACP4
3749,MAN2B1
3750,ATAD1
3751,SEMA4A
3752,PERP
3753,SLC17A9
3754,GUSB
3755,POPDC1
3756,ZBTB18
3757,PATL2
3758,GJB6
3759,KCNMB1
3760,RARA
3761,SEC23A
3762,APP
3763,HNRNPC
3764,GALM
3765,PICALM
3766,TEX14
3767,TMPRSS3
3768,PSMD12
3769,CTRC
3770,BEST1
3771,SPINK2
3772,SELENON
3773,SPIDR
3774,SYK
3775,APOC2
3776,SCN11A
3777,FUT6
3778,CFAP418
3779,AUTS13
3780,CD36
3781,KCNU1
3782,TGFBI
3783,KRT83
3784,DHCR24
3785,SLC25A22
3786,ADGRV1
3787,MAPRE2
3788,COL18A1
3789,INPPL1
3790,ITGA6
3791,WNT10B
3792,SLCO2A1
3793,MID1
3794,USB1
3795,MIR204
3796,CEP55
3797,VWA8
3798,ZNF148
3799,XPA
3800,AQP2
3801,POGLUT1
3802,HTRA2
3803,IER3IP1
3804,SEC63
3805,CUL7
3806,LRBA
3807,BCO1
3808,TBL1X
3809,KCNE2
3810,KPTN
3811,ARHGAP26
3812,EXOSC2
3813,ADCY5
3814,CUX1
3815,PCDHGC4
3816,NEUROG3
3817,ADD1
3818,DSC2
3819,DNAAF4
3820,VKORC1
3821,NLRP3
3822,USH1C
3823,LMX1B
3824,CASP2
3825,STS
3826,FBXO38
3827,GNPTAB
3828,JUP
3829,ZFAT
3830,BCC3
3831,IKZF3
3832,LMBRD1
3833,TSEN34
3834,PTCH2
3835,RNASEL
3836,OPN1SW
3837,STK11
3838,PDE2A
3839,UBTF
3840,RBL2
3841,ANKLE2
3842,PEX5
3843,PDE4D
3844,VCAN
3845,ESRRB
3846,WDR11
3847,MSMB
3848,FOSL2
3849,DCN
3850,PRCD
3851,XYLT1
3852,MTOR
3853,CCDC62
3854,SLC39A5
3855,INAVA
3856,RAP1B
3857,TYRP1
3858,F7
3859,TMEM260
3860,CSRP3
3861,PARN
3862,SCN3A
3863,GTPBP3
3864,SLC30A7
3865,ATRX
3866,ATP5MK
3867,ETFB
3868,HOXD13
3869,COX16
3870,SV2A
3871,PFN1
3872,ATF6
3873,IGHMBP2
3874,RORB
3875,PAX9
3876,MAP2K1
3877,ITPR3
3878,ALPK3
3879,ZEB2
3880,TYROBP
3881,ACTG1
3882,TRPM3
3883,BRWD3
3884,FXR1
3885,GJB4
3886,RNF6
3887,PLCZ1
3888,POMT2
3889,LYST
3890,PCNA
3891,HLA-DPB1
3892,LHB
3893,MPI
3894,GBD3
3895,TTC21B
3896,GABRA1
3897,IL11RA
3898,TRIT1
3899,MESD
3900,KDELR2
3901,EXTL3
3902,DNAJC30
3903,NNT
3904,TMEM38B
3905,KLK11
3906,PEX11B
3907,ASXL1
3908,SMARCB1
3909,C5
3910,CYP1B1
3911,POLR3F
3912,ALOXE3
3913,ATP13A2
3914,SYCP2
3915,CLCN6
3916,IQSEC2
3917,ASS1
3918,TNF
3919,CREBBP
3920,FAM83H
3921,NUP93
3922,CD40LG
3923,MYL3
3924,ESCO2
3925,TAF2
3926,RNASEH1
3927,AR
3928,TAOK1
3929,NR2E3
3930,RET
3931,PTPN12
3932,GRIN2A
3933,ARHGEF9
3934,CPA6
3935,ACE
3936,ATP1A2
3937,FSCN2
3938,DPAGT1
3939,NT5C3A
3940,BCL2
3941,SIK3
3942,CHAMP1
3943,GBF1
3944,TRIM2
3945,TRIM44
3946,CLCN3
3947,PC
3948,ARFGEF1
3949,DBH
3950,CXCL12
3951,TNRC6A
3952,GBA2
3953,BSND
3954,CST6
3955,IL31RA
3956,FUT8
3957,TRAPPC11
3958,CENATAC
3959,CDAN1
3960,SNAP29
3961,CAV1
3962,CAPN1
3963,CDH2
3964,CACNA1I
3965,IGHM
3966,RDH5
3967,TBXA2R
3968,WDPCP
3969,CRIPT
3970,CNTN1
3971,APOC3
3972,VAPB
3973,SERPINB6
3974,OPCML
3975,SERPINA3
3976,NBAS
3977,DGAT1
3978,H3-3B
3979,EN1
3980,FAM111B
3981,MIR96
3982,VDR
3983,AIMP2
3984,GPR88
3985,NEUROD2
3986,TUBB4A
3987,HSPB1
3988,NAE1
3989,TFAM
3990,C2orf69
3991,IRF4
3992,SLC5A2
3993,STOX1
3994,PACS2
3995,SLC18A3
3996,UGT2B17
3997,COL9A2
3998,LRRK1
3999,TCEAL1
4000,PIK3CD
4001,DCHS1
4002,HLA-DQA1
4003,REST
4004,SQSTM1
4005,FOXP2
4006,GABRA2
4007,PUS3
4008,MRE11
4009,MCAT
4010,MRAP2
4011,TBX20
4012,NCF2
4013,ABCA3
4014,ALDH4A1
4015,RPE65
4016,CYBB
4017,CPSF3
4018,UBE2T
4019,DCC
4020,ZNF423
4021,DNMT3B
4022,TCF20
4023,LETM1
4024,GPT2
4025,ERBB4
4026,ABCG8
4027,TRPM7
4028,KRT71
4029,NDUFS2
4030,CFI
4031,SYNE1
4032,VPS53
4033,TPK1
4034,NFIB
4035,CCN6
4036,POGZ
4037,MYF5
4038,SCO2
4039,PDHA1
4040,TDRD9
4041,KCNE3
4042,C8B
4043,NDUFA6
4044,RUSC2
4045,PMFBP1
4046,CLN8
4047,NUP85
4048,MYH3
4049,PLCG2
4050,TSPYL1
4051,THBS2
4052,ZBTB16
4053,ZPR1
4054,NDUFV1
4055,ALB
4056,GATB
4057,RS1
4058,TNIK
4059,MFSD2A
4060,COG3
4061,GRM1
4062,SIX5
4063,NDUFAF5
4064,B2M
4065,GNAT1
4066,MYO15A
4067,SPG38
4068,SLC22A12
4069,ZSCAN10
4070,GLUD1
4071,FGF8
4072,BRAF
4073,MORC2
4074,ATP5MC3
4075,GDF15
4076,PHF6
4077,EMX2
4078,CTNNA3
4079,C2
4080,IFIH1
4081,EXT2
4082,RBCK1
4083,QRICH2
4084,RPL35
4085,CSNK2A1
4086,B3GALT6
4087,MLYCD
4088,MUTYH
4089,PIGB
4090,IRF9
4091,TUBA3D
4092,CEP41
4093,HYCC1
4094,MMAB
4095,ATP7A
4096,SETD1A
4097,MENAQ3
4098,ADH5
4099,BLOC1S5
4100,TAF8
4101,HFE
4102,ATL3
4103,CHRND
4104,NDUFB9
4105,SLEN3
4106,CEP78
4107,GET3
4108,SP7
4109,OCRL
4110,KHK
4111,QDPR
4112,WEE2
4113,PNPLA2
4114,TTC29
4115,AP1G1
4116,FARSA
4117,FASLG
4118,KMT5B
4119,SLC44A4
4120,FGF23
4121,SIAH1
4122,ATP5F1B
4123,HSPD1
4124,RAG2
4125,SPTBN1
4126,PLIN4
4127,KIAA1549
4128,SLC25A1
4129,CRTAP
4130,GRM7
4131,CFAP44
4132,CTNNBL1
4133,TNFRSF10B
4134,GREM2
4135,PPP1R21
4136,LIMA1
4137,GABRA3
4138,CFAP69
4139,KRT5
4140,FCP1
4141,KAT5
4142,GATA3
4143,GRHPR
4144,FKBP5
4145,DDHD1
4146,FGS3
4147,MOG
4148,ATP9A
4149,AHDC1
4150,ASPA
4151,TUBGCP6
4152,ATP2A2
4153,ACSL6
4154,TAFAZZIN
4155,PTPRO
4156,FGF3
4157,ATP8A2
4158,AGO2
4159,DNAH11
4160,ANG
4161,TIRAP
4162,AIFM1
4163,GDF3
4164,UQCRC2
4165,FAT2
4166,SOST
4167,ELMO2
4168,POP1
4169,EEF2
4170,BRCA1
4171,ENO3
4172,ADRB2
4173,NYS3
4174,CYBA
4175,IQCN
4176,CEP19
4177,MAP3K1
4178,DDX3X
4179,ARMC5
4180,SLC31A1
4181,OVOL2
4182,RNU4ATAC
4183,CHRNE
4184,ROBO2
4185,ICAM1
4186,BLVRA
4187,OGDH
4188,MIP
4189,CDH3
4190,EFHC1
4191,DLD
4192,CFAP45
4193,EIF2AK4
4194,PADI6
4195,TOPORS
4196,PFM3
4197,KAT6B
4198,NEMF
4199,NDP
4200,FAM161A
4201,TARDBP
4202,GRIK2
4203,KCNH2
4204,PAX7
4205,NUP54
4206,ZNFX1
4207,COX10
4208,NCR3
4209,DNA2
4210,HSD3B2
4211,TNNI2
4212,BMPER
4213,SPTLC2
4214,SEMA6B
4215,MRPL39
4216,TH
4217,CFAP300
4218,PPP2R1B
4219,TUBA8
4220,TMEM147
4221,MSRB3
4222,GIPC3
4223,OTUD5
4224,TAPT1
4225,NAA20
4226,PSMB4
4227,CLRN2
4228,ERCC2
4229,PNPT1
4230,ABCC6
4231,HSD11B2
4232,HYAL1
4233,DACT1
4234,TEK
4235,ATP6AP1
4236,PNLIP
4237,THSD4
4238,SLC28A1
4239,GUCY2C
4240,SCNM1
4241,NKX3-2
4242,NPHP3
4243,CIB1
4244,SLC51B
4245,EML1
4246,SOX6
4247,ACADM
4248,ADNP
4249,DARS2
4250,WDR36
4251,SCN2B
4252,PIGC
4253,MSH3
4254,KCNV2
4255,SIX6
4256,SLC6A2
4257,PARS2
4258,PRDX1
4259,GDF2
4260,IPO8
4261,CDIN1
4262,ABCG2
4263,HNF1B
4264,IL23R
4265,BBS10
4266,ACTC1
4267,SLC17A8
4268,MED12L
4269,RMRP
4270,KANK1
4271,MYH9
4272,FLCN
4273,CLDN19
4274,NTF4
4275,SMARCD2
4276,PPOX
4277,SLC26A4
4278,CASP8
4279,NLRP12
4280,HSD17B10
4281,CHRNA5
4282,PPP1R12A
4283,EMC1
4284,PIGW
4285,SNX14
4286,ZBTB24
4287,EMG1
4288,MTX2
4289,ELN
4290,TBC1D7
4291,PACS1
4292,HSD17B3
4293,ASAH1
4294,EPRS1
4295,HBD
4296,GLB1
4297,RAF1
4298,UROS
4299,CST3
4300,RPS19
4301,HOXA11
4302,FOXJ1
4303,SMC1A
4304,OGT
4305,ATXN10
4306,AFP
4307,CCDC174
4308,SURF1
4309,PMP22
4310,EPG5
4311,DHFR
4312,LRRC23
4313,LAMC3
4314,LNPK
4315,NR2F2
4316,MGAT2
4317,CAPN10
4318,LHCGR
4319,FZD5
4320,ERCC3
4321,LEMD3
4322,CLPP
4323,ANO3
4324,PRLR
4325,ABCB7
4326,KIF5A
4327,ERCC4
4328,TMPRSS15
4329,CACNA1H
4330,ADPRS
4331,CCND1
4332,FGF9
4333,TOP2B
4334,GLYCTK
4335,ATP1A1
4336,ANAPC1
4337,HDC
4338,PCDH15
4339,ALG5
4340,PNPLA8
4341,ASTL
4342,RSPH1
4343,ADCY10
4344,IVNS1ABP
4345,AFF2
4346,FGF12
4347,TPM2
4348,DGUOK
4349,LEMD2
4350,RPL10
4351,IL6
4352,CD320
4353,TANGO2
4354,C4A
4355,UFC1
4356,ALG6
4357,HPS4
4358,THBD
4359,CHMP4B
4360,SIAE
4361,BCL3
4362,MYH2
4363,POU3F3
4364,SLC25A46
4365,SNORD118
4366,CXCR4
4367,CKAP2L
4368,SCN3B
4369,MDFIC
4370,FHL1
4371,CHEK1
4372,SH3TC2
4373,FAM111A
4374,CRYBA2
4375,NEXMIF
4376,RCBTB1
4377,TAF13
4378,MS4A1
4379,STN1
4380,NEXN
4381,LIMS2
4382,ADAM17
4383,CCM2
4384,MLC1
4385,SQOR
4386,HRAS
4387,DNAJC21
4388,LEP
4389,BHLHA9
4390,DHH
4391,DPM2
4392,PLEC
4393,CCDC26
4394,SLC19A1
4395,TRPM6
4396,PARK3
4397,ALX3
4398,IL7R
4399,SLEB13
4400,MYOCD
4401,SLC5A6
4402,IRF8
4403,IMPG1
4404,PTPN23
4405,PRKAG3
4406,RAX2
4407,PAPPA2
4408,NPHP1
4409,SLC6A4
4410,SLITRK2
4411,TCF12
4412,PYGM
4413,IL18BP
4414,ELP2
4415,PLAA
4416,KASH5
4417,TDO2
4418,ACR
4419,ACKR1
4420,FOXL2
4421,NCSTN
4422,SPAG17
4423,RSPH9
4424,APOA2
4425,DENND5A
4426,NSUN3
4427,UBE2A
4428,CIB2
4429,CLDN16
4430,SLC41A1
4431,STK4
4432,PITPNM3
4433,ACBD6
4434,EIF2B3
4435,ALG8
4436,OR2J3
4437,CRY1
4438,TGFBR1
4439,HMGCR
4440,CP
4441,REN
4442,CORO1A
4443,AQP3
4444,HYOU1
4445,GNB5
4446,DAZL
4447,BLOC1S6
4448,KNG1
4449,TENM4
4450,ALKBH8
4451,COA7
4452,UGDH
4453,NOTCH2
4454,ZFHX4
4455,RASGRP1
4456,EXOSC3
4457,ANO1
4458,TBL1Y
4459,TSPAN7
4460,TOP1
4461,GJB2
4462,SCN4A
4463,POLR3K
4464,SLC7A6OS
4465,ANLN
4466,NDE1
4467,ACTB
4468,EMILIN1
4469,NDUFA12
4470,GCLC
4471,FOXI3
4472,SLC22A18
4473,FADD
4474,CYLD
4475,TRPC3
4476,HS3ST6
4477,TBCE
4478,B3GLCT
4479,JAG2
4480,MRT33
4481,NEK1
4482,C9orf72
4483,MEFV
4484,CPSF1
4485,PGM1
4486,PPP3CA
4487,SLC34A2
4488,HINT1
4489,CFHR5
4490,MMP9
4491,ALOX5AP
4492,FOCAD
4493,FCGR2A
4494,PLCB3
4495,MFN2
4496,RP34
4497,MAST3
4498,PEX7
4499,TRIP4
4500,TMEM107
4501,COX8A
4502,IFT27
4503,WNT7A
4504,PTCRA
4505,UFSP2
4506,PDYN
4507,ANO6
4508,BGN
4509,PARK7
4510,KCNQ3
4511,RPS7
4512,SLURP1
4513,CARD14
4514,NOTCH3
4515,PIGL
4516,BTD
4517,LDHD
4518,TOMM7
4519,CLN5
4520,L2HGDH
4521,LRP12
4522,NXN
4523,ROBO1
4524,SBDS
4525,GFER
4526,CYP11A1
4527,SHANK2
4528,TF
4529,ALDOA
4530,GYPC
4531,AGBL5
4532,TBP
4533,AGPS
4534,PKDCC
4535,CACNA1G
4536,TIMM22
4537,KAT6A
4538,CD96
4539,ARHGAP31
4540,TPM3
4541,NAGLU
4542,ACADVL
4543,FOLR1
4544,AGXT
4545,EPHX2
4546,ERG
4547,SCAR3
4548,TRHR
4549,RRAS2
4550,HROB
4551,PDE10A
4552,SPECC1L
4553,STRADA
4554,IL2RB
4555,IGF2BP2
4556,MMP20
4557,LGI1
4558,NIDDM4
4559,MKS1
4560,KRT14
4561,BMP6
4562,ELOVL5
4563,CRB1
4564,WHRN
4565,ZMYND15
4566,STAG3
4567,TOGARAM1
4568,FGD4
4569,KIF1B
4570,FTSJ1
4571,NPTX1
4572,MERTK
4573,GFPT1
4574,VPS37A
4575,PYROXD1
4576,TMEM240
4577,MSH4
4578,DEAF1
4579,DONSON
4580,ATP2B3
4581,CNKSR2
4582,VSX2
4583,STUT3
4584,GJA5
4585,OTOG
4586,WDR35
4587,PHF8
4588,TOM1
4589,CTLA4
4590,PCDH12
4591,NSUN6
4592,KREMEN1
4593,TP63
4594,AAA3
4595,CDK5
4596,CBS
4597,CERS3
4598,TBX3
4599,ATL1
4600,MED25
4601,COX20
4602,NUAK2
4603,GNPTG
4604,ICOS
4605,SLC35B2
4606,RTEL1
4607,FOXP3
4608,ZMYM2
4609,DNHD1
4610,RANBP2
4611,PMP2
4612,NADK2
4613,PLAG1
4614,CYP7B1
4615,MLLT10
4616,LHX3
4617,NEK2
4618,IGSF1
4619,MIEF1
4620,DNAAF6
4621,LAT
4622,PRPF6
4623,HOXD10
4624,FGFR1
4625,RILPL1
4626,MMAA
4627,GPHN
4628,PLEKHG2
4629,PKD2
4630,ALG1
4631,SMIM1
4632,KRT86
4633,ALG13
4634,INTU
4635,F5
4636,PIGU
4637,PDHB
4638,SLC25A11
4639,KLHL41
4640,GLRB
4641,AAGAB
4642,TUSC3
4643,CARMIL2
4644,KDM5C
4645,RAB3GAP2
4646,SALL4
4647,GAS2
4648,PADI3
4649,COX4I1
4650,FANCC
4651,PI4KA
4652,H3-3A
4653,MAN1B1
4654,MYL1
4655,RINT1
4656,MOS
4657,ADD3
4658,VIPAS39
4659,VWA1
4660,TBX1
4661,AOPEP
4662,GLI3
4663,POMT1
4664,MALT1
4665,MC4R
4666,MYO3A
4667,SMC3
4668,MUSK
4669,PIEZO2
4670,PITX1
4671,IGSF3
4672,NOS2
4673,CCDC40
4674,ADAMTS15
4675,UNC13D
4676,ARF1
4677,SYN2
4678,VIM
4679,DMP1
4680,FGFR3
4681,SPATA7
4682,CENPJ
4683,BMP4
4684,HYLS1
4685,SNRPB
4686,PSMB8
4687,PRKN
4688,PAK1
4689,MITF
4690,TAMM41
4691,LOX
4692,CSPP1
4693,CACNA2D4
4694,PHB1
4695,CYP3A5
4696,CLCF1
4697,MLH1
4698,XIAP
4699,GUCA1B
4700,WT3
4701,DIS3L2
4702,EVC
4703,HCHGQ3
4704,APC
4705,EPHA2
4706,GCDH
4707,KCNQ1
4708,GM2A
4709,MBL2
4710,RBMX
4711,FTCD
4712,CARS2
4713,NPHS1
4714,CEBPA
4715,SREBF1
4716,GSX2
4717,CHRNA4
4718,PLG
4719,DEPDC5
4720,LIFR
4721,HTX3
4722,GSC
4723,B4GALT7
4724,ERGIC1
4725,NADSYN1
4726,STAT1
4727,TELO2
4728,TAF15
4729,CHUK
4730,LORICRIN
4731,HNRNPA1
4732,ICAM4
4733,CORIN
4734,ALDH2
4735,FZR1
4736,KCNJ1
4737,ARMC9
4738,RPS28
4739,TRU-TCA1-1
4740,MUC5B
4741,DAG1
4742,LINS1
4743,NSD1
4744,NFKBIA
4745,SCO1
4746,GPC4
4747,M1AP
4748,ORAI1
4749,MRXS32
4750,CFAP58
4751,PI4KB
4752,DZIP1L
4753,FGF13
4754,NMTC3
4755,UQCRH
4756,ATIC
4757,MRT35
4758,PIDD1
4759,MRX73
4760,ZMYND11
4761,MMACHC
4762,RPL10L
4763,HPRT1
4764,TNFRSF13B
4765,CHMP1A
4766,MTBS3
4767,TAF4
4768,AMHR2
4769,KRT6A
4770,KRT74
4771,KRT13
4772,MYO5A
4773,MNG3
4774,STAG2
4775,CLCN7
4776,FGFR4
4777,IFITM3
4778,CD151
4779,TRIOBP
4780,VWF
4781,VPS33B
4782,PPR3
4783,CCDC28B
4784,DNAJC19
4785,FTL
4786,ALK
4787,CTBP1
4788,KIAA0586
4789,TMEM94
4790,ERCC6L2
4791,PROM1
4792,IFT52
4793,TPO
4794,BRD4
4795,DDC
4796,SPTBN2
4797,FMR1
4798,SMARCC2
4799,NFKB1
4800,DYSF
4801,ASPSCR1
4802,OTSC3
4803,TXNL4A
4804,SLC7A9
4805,TCF7L2
4806,AARS2
4807,PCK1
4808,PDE1C
4809,FXYD2
4810,ATP2B2
4811,DUOXA2
4812,RPL18
4813,MYMY3
4814,OFC3
4815,BICRA
4816,BBS9
4817,ACER3
4818,WDR72
4819,LITAF
4820,FRMPD4
4821,FBN2
4822,TMIE
4823,APOE
4824,TSFM
4825,TNFRSF13C
4826,SPG32
4827,SUZ12
4828,BRPF1
4829,NTRK1
4830,ARCN1
4831,KNSTRN
4832,OSGEP
4833,CD207
4834,HSPB3
4835,SLC34A3
4836,SLC25A19
4837,RFXAP
4838,CCNK
4839,HDLC3
4840,MYBPC1
4841,KCNN4
4842,PSORS3
4843,DFNA43
4844,MCC
4845,DOCK6
4846,CFH
4847,PRMT7
4848,MAPK1
4849,ODAD1
4850,KMT2C
4851,GPR68
4852,LIPT1
4853,MARVELD2
4854,PDP1
4855,NDNF
4856,SORT1
4857,FRZB
4858,SACS
4859,DFNX3
4860,CEP85L
4861,CLCNKB
4862,CRYBA4
4863,BCAS3
4864,OGG1
4865,SMG8
4866,AGXT2
4867,EIG3
4868,ADIPQTL3
4869,PANK4
4870,FN1
4871,FRMD5
4872,YAP1
4873,SNORA31
4874,ARMC12
4875,DPP9
4876,ERLIN1
4877,ATP6V1B2
4878,TUFT1
4879,WIPI2
4880,SCN2A
4881,BMPR2
4882,PGAM2
4883,HBG2
4884,NTN1
4885,AMMECR1
4886,EOGT
4887,FBXL4
4888,SNIP1
4889,POMGNT2
4890,SPG34
4891,RPS10
4892,AIP
4893,COL1A2
4894,SLC19A3
4895,SMS
4896,TMEM237
4897,TCN2
4898,PDHX
4899,PAK2
4900,TARS1
4901,PTCHD1
4902,AIS3
4903,MBD5
4904,MLH3
4905,CABP2
4906,MRPS14
4907,BTK
4908,SUMO4
4909,CALM1
4910,ZEB1
4911,IGF2R
4912,RPS17
4913,CSF2RA
4914,TFAP2B
4915,YME1L1
4916,ADGRE2
4917,PFKM
4918,RELA
4919,TSHB
4920,NAA80
4921,CFAP53
4922,KCNC2
4923,CRAT
4924,NPM1
4925,ZMYND10
4926,MBOAT7
4927,LRRC32
4928,PKHD1
4929,SLC24A1
4930,IGLL1
4931,TINF2
4932,SPINK5
4933,USF1
4934,CFAP65
4935,BCL11B
4936,NTRK2
4937,DDX59
4938,NDUFAF2
4939,SAMD9L
4940,C2CD3
4941,CYCS
4942,DNAAF3
4943,NRL
4944,WBP11
4945,MSH6
4946,CDK4
4947,SBF2
4948,DLG4
4949,AGRP
4950,TERB1
4951,GPNMB
4952,NKX2-1
4953,CELIAC13
4954,PLVAP
4955,KL
4956,GCLM
4957,LHFPL5
4958,CIBAR1
4959,ZNF513
4960,YY1
4961,RARS1
4962,COG1
4963,KLLN
4964,FRAS1
4965,TACO1
4966,DNALI1
4967,CFAP57
4968,TIMP3
4969,KISS1R
4970,WIPF1
4971,HEPACAM
4972,TIAM1
4973,UBQLN2
4974,HFM1
4975,AP4S1
4976,NDUFAF1
4977,TPCN2
4978,CNBP
4979,OAS1
4980,BICD2
4981,MEIOB
4982,TNNI3
4983,BNC1
4984,TRMT10A
4985,SP110
4986,TWIST2
4987,SRP72
4988,FOXP1
4989,TTI2
4990,SLC26A1
4991,ETV6
4992,FGG
4993,GABRB2
4994,EP300
4995,NEFH
4996,AQP4
4997,INVS
4998,IFNAR1
4999,TAP1
5000,ZSWIM7
5001,SERPINA6
5002,YARS1
5003,UQCRQ
5004,UNC119
5005,ABCC8
5006,NCAPD3
5007,ADRA2A
5008,NAPB
5009,STAB1
5010,RTTN
5011,WFS1
5012,ELF4
5013,EIF2S3
5014,RNF125
5015,GRK1
5016,BMP1
5017,DSG3
5018,LCK
5019,SLC25A20
5020,BIN1
5021,CDC73
5022,FZD2
5023,SSX2
5024,PLOD1
5025,MNS1
5026,MDH2
5027,GJB3
5028,PKD1L1
5029,MPDZ
5030,DNAL1
5031,PLA2G6
5032,CD209
5033,EBP
5034,KIF4A
5035,CYP21A2
5036,LZTS1
5037,GFRA1
5038,ARSL
5039,FREM1
5040,ALMS1
5041,PIK3CA
5042,ROR1
5043,COL9A1
5044,NODAL
5045,TSEN15
5046,STING1
5047,GYS2
5048,PUF60
5049,SLC25A26
5050,CSF3R
5051,SRP68
5052,ESR2
5053,AGTR1
5054,SPPL2A
5055,CDK5RAP2
5056,FREM2
5057,TCHH
5058,RFC1
5059,PPP2R3C
5060,GLDC
5061,CERKL
5062,NEK10
5063,HCN1
5064,TM4SF20
5065,NLRC4
5066,ZFHX3
5067,STAT4
5068,SLC2A1
5069,UCHL1
5070,LRP2
5071,CA2
5072,ACTL9
5073,IQCE
5074,HS6ST2
5075,COMP
5076,SFTPA1
5077,GLC3B
5078,STQTL3
